Fecha,Día,Dirección,Condominios habitacionales y otras instalaciones,Cantidad de Contenedores,Volumen (litros),Frecuencia Recolección,Turno Recolección,latitud,longitud,hora,distancia_km_var,tiempo_viaje_min_var,tiempo_servicio_min_var,tiempo_acumulado_min_var,km_acumulado_var,velocidad_kmh,tiempo_acumulado_hhmmss_var,,,,,,,,,,,,,,,07:00:00
7/1/2025,Martes,General Blanche N°9.547,Condominio Privado,7,660,M-J-S,Diurno,-33.4065,-70.53390,15:00:00,0.00,0.00,5.00,5.00,0.00,0.00,00:05:00,,,,,,,,,,,,,,,15:00:00
7/1/2025,Martes,Vital Apoquindo N°497,Condominio Privado,7,660,M-J-S,Diurno,-33.4088,-70.53313,15:11:00,0.65,1.00,5.00,11.00,0.65,39.00,00:11:00,,,,,,,,,,,,,,,
7/1/2025,Martes,Río Guadiana N°9.211,Condominio privado Villa Portada de Fleming,2,340,M-J-S,Diurno,-33.4120,-70.53524,15:17:00,0.35,1.00,5.00,17.00,1.00,21.00,00:17:00,,,,,,,,,,,,,,,
7/1/2025,Martes,Paul Harris N°940,Condominio Privado,4,660,M-J-S,Diurno,-33.4142,-70.53457,15:24:00,0.55,2.00,5.00,24.00,1.55,16.50,00:24:00,,,,,,,,,,,,,,,
7/1/2025,Martes,Yolanda N°9.405,Villa La Escuela,11,660,M-J-S,Diurno,-33.4181,-70.53236,15:30:00,0.13,1.00,5.00,30.00,1.68,7.80,00:30:00,,,,,,,,,,,,,,,
7/1/2025,Martes,Yolanda N°9.405,Villa La Escuela,39,340,M-J-S,Diurno,-33.4181,-70.53236,15:36:00,0.13,1.00,5.00,36.00,1.81,7.80,00:36:00,,,,,,,,,,,,,,,
7/1/2025,Martes,La Escuela N°1.336,Villa Vital Apoquindo,36,660,M-J-S,Diurno,-33.4193,-70.53224,15:44:00,0.75,3.00,5.00,44.00,2.56,15.00,00:44:00,,,,,,,,,,,,,,,
7/1/2025,Martes,Paul Harris Sur N°1.312,Villa Barcelona,22,340,M-J-S,Diurno,-33.4190,-70.53286,15:53:18,1.10,4.30,5.00,53.30,3.66,15.35,00:53:18,,,,,,,,,,,,,,,
7/1/2025,Martes,Vital Apoquindo N°1.380,Condominio Privado,2,660,M-J-S,Diurno,-33.4194,-70.52971,16:00:18,0.40,2.00,5.00,60.30,4.06,12.00,01:00:18,,,,,,,,,,,,,,,
7/1/2025,Martes,Alexander Fleming N°9.599,Villa El Bosque Sur,9,660,M-J-S,Diurno,-33.4229,-70.52955,16:09:18,0.90,4.00,5.00,69.30,4.96,13.50,01:09:18,,,,,,,,,,,,,,,
7/1/2025,Martes,Vital Apoquindo N°1.651,Fleming,5,340,M-J-S,Diurno,-33.4238,-70.52950,16:15:18,0.15,1.00,5.00,75.30,5.11,9.00,01:15:18,,,,,,,,,,,,,,,
7/1/2025,Martes,Vital Apoquindo N°1.690,Villa El Bosque Norte,5,340,M-J-S,Diurno,-33.4250,-70.52955,16:21:18,0.13,1.00,5.00,81.30,5.24,7.80,01:21:18,,,,,,,,,,,,,,,
7/1/2025,Martes,Alexander Fleming N°9609,Las Condesas 1,20,240,M-J-S,Diurno,-33.4240,-70.52829,16:28:18,0.24,2.00,5.00,88.30,5.48,7.20,01:28:18,,,,,,,,,,,,,,,
7/1/2025,Martes,Alexander Fleming N°9.609,Villa Las Condesas 1,1,660,M-J-S,Diurno,-33.4240,-70.52829,16:34:18,0.05,1.00,5.00,94.30,5.53,3.00,01:34:18,,,,,,,,,,,,,,,
7/1/2025,Martes,Alexander Fleming N°9695,Las Condesas 2,24,240,M-J-S,Diurno,-33.4240,-70.52769,16:40:18,0.05,1.00,5.00,100.30,5.58,3.00,01:40:18,,,,,,,,,,,,,,,
7/1/2025,Martes,Alexander Fleming N°9.797,Villa Las Condesas 3,1,660,M-J-S,Diurno,-33.4240,-70.52694,16:46:18,0.07,1.00,5.00,106.30,5.65,4.20,01:46:18,,,,,,,,,,,,,,,
7/1/2025,Martes,Alexander Fleming N°9797,Las Condesas 3,20,240,M-J-S,Diurno,-33.4240,-70.52694,16:52:18,0.06,1.00,5.00,112.30,5.71,3.60,01:52:18,,,,,,,,,,,,,,,
7/1/2025,Martes,Alexander Fleming N°9.809,Villa Las Condesas 4,1,660,M-J-S,Diurno,-33.4241,-70.52629,16:58:18,0.06,1.00,5.00,118.30,5.77,3.60,01:58:18,,,,,,,,,,,,,,,
7/1/2025,Martes,Alexander Fleming N°9809,Las Condesas 4,20,240,M-J-S,Diurno,-33.4241,-70.52629,17:04:18,0.02,1.00,5.00,124.30,5.79,1.20,02:04:18,,,,,,,,,,,,,,,
7/1/2025,Martes,Paul Harris Sur N°2111,Las Condesas 5,24,240,M-J-S,Diurno,-33.4241,-70.52608,17:33:36,6.00,24.3,5.00,153.60,11.79,14.81,02:33:36,,,,,,,,,,,,,,,
7/2/2025,Miércoles,Alcalde Guzmán Nº0180,Servicio de recogida de basura,0,0,M-J-S,Diurno,-33.3714,-70.70122,07:00:00,0,0,7.2036439791577,7.2036439791577,0,0.00,00:07:12,,,,,,,,,,,,,,,
7/2/2025,Miércoles,Alexander Fleming N°9609,Las Condesas 1,20,240,M-J-S,Diurno,-33.4240,-70.52829,07:26:59,4.71632939749557,13.0980769945594,6.69401551488457,26.9957364886016,4.71632939749557,21.60,00:26:59,,,,,,,,,,,,,,,
7/2/2025,Miércoles,Alexander Fleming N°9695,Las Condesas 2,24,240,M-J-S,Diurno,-33.4240,-70.52769,07:37:57,2.07990095720922,5.15360350246938,5.81022703027429,37.9595670213453,6.79623035470479,24.21,00:37:57,,,,,,,,,,,,,,,
7/2/2025,Miércoles,Alexander Fleming N°9797,Las Condesas 3,20,240,M-J-S,Diurno,-33.4240,-70.52694,07:47:25,1.71688851697853,4.17012829377659,5.29617378892013,47.425869104042,8.51311887168332,24.70,00:47:25,,,,,,,,,,,,,,,
7/2/2025,Miércoles,Alexander Fleming N°9809,Las Condesas 4,20,240,M-J-S,Diurno,-33.4241,-70.52629,07:57:02,1.53756140178607,3.61089030749666,6.00085953919738,57.0376189507361,10.0506802734694,25.55,00:57:02,,,,,,,,,,,,,,,
7/2/2025,Miércoles,Paul Harris Sur N°2111,Las Condesas 5,24,240,M-J-S,Diurno,-33.4241,-70.52608,08:04:30,0.501283990114707,2.18292157156178,5.28963202419551,64.5101725464933,10.5519642635841,13.78,01:04:30,,,,,,,,,,,,,,,
7/2/2025,Miércoles,Paul Harris Sur N°1.312,Villa Barcelona,22,340,M-J-S,Diurno,-33.4190,-70.53286,08:17:55,2.21734125524346,9.36914775100363,4.05124918433286,77.9305694818298,12.7693055188276,14.20,01:17:55,,,,,,,,,,,,,,,
7/2/2025,Miércoles,Río Guadiana N°9.211,Condominio privado Villa Portada de Fleming,2,340,M-J-S,Diurno,-33.4120,-70.53524,08:29:26,1.43476160569183,6.14405767021508,5.36073182460037,89.4353589766453,14.2040671245194,14.01,01:29:26,,,,,,,,,,,,,,,
7/2/2025,Miércoles,Vital Apoquindo N°1.651,Fleming,5,340,M-J-S,Diurno,-33.4238,-70.52950,08:38:27,0.913756768255135,2.79978162409371,6.21576708012464,98.4509076808636,15.1178238927745,19.58,01:38:27,,,,,,,,,,,,,,,
7/2/2025,Miércoles,Vital Apoquindo N°1.690,Villa El Bosque Norte,5,340,M-J-S,Diurno,-33.4250,-70.52955,08:53:54,1.97747528084718,11.4040063970699,4.05838421394067,113.913298291874,17.0952991736217,10.40,01:53:54,,,,,,,,,,,,,,,
7/2/2025,Miércoles,Yolanda N°9.405,Villa La Escuela,39,340,M-J-S,Diurno,-33.4181,-70.53236,09:12:07,2.35228464237353,10.7302294450706,7.47993790368947,132.123465640634,19.4475838159952,13.15,02:12:07,,,,,,,,,,,,,,,
7/2/2025,Miércoles,Alexander Fleming N°9.599,Villa El Bosque Sur,9,660,M-J-S,Diurno,-33.4229,-70.52955,09:47:33,16.5544534864097,31.3286412101558,4.11090684394391,167.563013694734,36.0020373024049,31.70,02:47:33,,,,,,,,,,,,,,,
7/3/2025,jueves,Alexander Fleming N°9.609,Villa Las Condesas 1,1,660,M-J-S,Diurno,-33.4240,-70.52829,15:00:00,3.435,8.214,5.059,13.273,3.435,25.09,00:13:16,,,,,,,,,,,,,,,
7/3/2025,jueves,Alexander Fleming N°9.797,Villa Las Condesas 3,1,660,M-J-S,Diurno,-33.4240,-70.52694,15:27:51,3.194,9.465,5.126,27.864,6.629,20.25,00:27:51,,,,,,,,,,,,,,,
7/3/2025,jueves,Alexander Fleming N°9.809,Villa Las Condesas 4,1,660,M-J-S,Diurno,-33.4241,-70.52629,15:42:08,3.091,9.193,5.084,42.141,9.72,20.17,00:42:08,,,,,,,,,,,,,,,
7/3/2025,jueves,General Blanche N°9.547,Condominio Privado,7,660,M-J-S,Diurno,-33.4065,-70.53390,15:56:27,3.013,9.062,5.262,56.465,12.733,19.95,00:56:27,,,,,,,,,,,,,,,
7/3/2025,jueves,La Escuela N°1.336,Villa Vital Apoquindo,36,660,M-J-S,Diurno,-33.4193,-70.53224,16:11:18,3.19,9.645,5.198,71.308,15.923,19.84,01:11:18,,,,,,,,,,,,,,,
7/3/2025,jueves,Paul Harris N°940,Condominio Privado,4,660,M-J-S,Diurno,-33.4142,-70.53457,16:24:31,2.901,8.331,4.886,84.525,18.824,20.89,01:24:31,,,,,,,,,,,,,,,
7/3/2025,jueves,Vital Apoquindo N°1.380,Condominio Privado,2,660,M-J-S,Diurno,-33.4194,-70.52971,16:37:28,3.31,8.22,4.732,97.477,22.134,24.16,01:37:28,,,,,,,,,,,,,,,
7/3/2025,jueves,Vital Apoquindo N°497,Condominio Privado,7,660,M-J-S,Diurno,-33.4088,-70.53313,16:50:55,2.987,8.376,5.071,110.924,25.121,21.40,01:50:55,,,,,,,,,,,,,,,
7/3/2025,jueves,Yolanda N°9.405,Villa La Escuela,11,660,M-J-S,Diurno,-33.4181,-70.53236,17:05:26,2.999,9.383,5.136,125.443,28.12,19.18,02:05:26,,,,,,,,,,,,,,,
7/3/2025,jueves,Los Tuliperos,Seguridad Pública,1,660,L-M-V,Diurno,-33.382,-70.5063,17:18:54,3.175,8.281,5.192,138.916,31.295,23.00,02:18:54,,,,,,,,,,,,,,,
7/3/2025,jueves,Carlos Peña Otaegui N°9.931,Condominio Particular,4,660,L-M-V,Diurno,-33.412,-70.5096,17:33:05,3.025,8.79,5.393,153.099,34.32,20.65,02:33:05,,,,,,,,,,,,,,,
7/3/2025,jueves,Camino Otoñal N°1.157,Condominio Privado,2,660,L-M-V,Diurno,-33.3991999,-70.5194668,17:46:30,2.858,8.846,4.561,166.506,37.178,19.39,02:46:30,,,,,,,,,,,,,,,
7/3/2025,jueves,Camino Mirasol N°1.352,Condominio Privado,1,660,L-M-V,Diurno,-33.3983309,-70.5287693,18:01:46,2.953,9.902,5.364,181.772,40.131,17.89,03:01:46,,,,,,,,,,,,,,,
7/3/2025,jueves,Camino El Alba N° 9210,47 Comisaría,1,660,L-M-V,Diurno,-33.4039974,-70.5378362,18:15:16,2.956,8.352,5.148,195.272,43.087,21.24,03:15:16,,,,,,,,,,,,,,,
7/3/2025,jueves,Cardenal Newman N°1.288,Condominio Privado,1,660,L-M-V,Diurno,-33.405599,-70.5404712,18:29:53,3.427,9.848,4.771,209.891,46.514,20.88,03:29:53,,,,,,,,,,,,,,,
7/3/2025,jueves,Presidente Riesco N°9.621,Pasaje,1,660,L-M-V,Diurno,-33.3958703,-70.5565837,18:44:04,3.421,9.272,4.917,224.08,49.935,22.14,03:44:04,,,,,,,,,,,,,,,
7/3/2025,jueves,Presidente Riesco N°9.655,Pasaje,1,660,L-M-V,Diurno,-33.3978134,-70.5631819,18:57:58,2.923,9.184,4.712,237.976,52.858,19.10,03:57:58,,,,,,,,,,,,,,,
7/3/2025,jueves,Presidente Riesco N°9.681,Pasaje,1,660,L-M-V,Diurno,-33.4030495,-70.5705881,19:12:27,2.985,9.138,5.342,252.456,55.843,19.60,04:12:27,,,,,,,,,,,,,,,
7/3/2025,jueves,Presidente Riesco N°9.543,Pasaje,1,660,L-M-V,Diurno,-33.4055,-70.5855,19:26:33,2.985,9.103,4.995,266.554,58.828,19.67,04:26:33,,,,,,,,,,,,,,,
7/3/2025,jueves,Pte. Martin de Zamora N°8.740,Pasaje,1,660,L-M-V,Diurno,-33.4195452,-70.5777809,19:39:39,3.114,7.935,5.175,279.664,61.942,23.55,04:39:39,,,,,,,,,,,,,,,
2025-07-04,Viernes,Alcalde Guzmán Nº0180,Servicio de recogida de basura,0,0,L-M-V,Diurno,-33.371397,-70.7012239,07:00:00,0,0,7.76445638856735,7.76445638856735,0,0.00,00:07:45,,,,,,,,,,,,,,,
2025-07-04,Viernes,Alexander Fleming N°9609,Las Condesas 1,20,240,M-J-S,Diurno,-33.4240,-70.52829,07:32:13,4.64408146972551,16.6170585917302,7.84082666746517,32.2223416477627,4.64408146972551,16.77,00:32:13,,,,,,,,,,,,,,,
2025-07-04,Viernes,Alexander Fleming N°9695,Las Condesas 2,24,240,M-J-S,Diurno,-33.4240,-70.52769,07:43:34,2.05713485387879,5.01390564229681,6.3378601740782,43.5741074641377,6.7012163236043,24.62,00:43:34,,,,,,,,,,,,,,,
2025-07-04,Viernes,Alexander Fleming N°9797,Las Condesas 3,20,240,M-J-S,Diurno,-33.4240,-70.52694,07:56:10,1.74431046460606,4.65006128138829,7.95365106880215,56.1778198143281,8.44552678821036,22.51,00:56:10,,,,,,,,,,,,,,,
2025-07-04,Viernes,Alexander Fleming N°9809,Las Condesas 4,20,240,M-J-S,Diurno,-33.4241,-70.52629,08:05:38,1.50176628704226,5.13893471303864,4.3208370260904,65.6375915534572,9.94729307525262,17.53,01:05:38,,,,,,,,,,,,,,,
2025-07-04,Viernes,Paul Harris Sur N°2111,Las Condesas 5,24,240,M-J-S,Diurno,-33.4241,-70.52608,08:15:04,0.489155529167957,1.84233939276151,7.59271838667297,75.0726493328916,10.4364486044206,15.93,01:15:04,,,,,,,,,,,,,,,
2025-07-04,Viernes,Paul Harris Sur N°1.312,Villa Barcelona,22,340,M-J-S,Diurno,-33.4190,-70.53286,08:30:17,2.13988896883354,8.87302930370025,6.33774843645899,90.2834270730509,12.5763375732541,14.47,01:30:17,,,,,,,,,,,,,,,
2025-07-04,Viernes,Río Guadiana N°9.211,Condominio privado Villa Portada de Fleming,2,340,M-J-S,Diurno,-33.4120,-70.53524,08:41:22,1.38360763217875,5.76310982082955,5.3347061706556,101.381243064536,13.9599452054329,14.40,01:41:22,,,,,,,,,,,,,,,
2025-07-04,Viernes,Vital Apoquindo N°1.651,Fleming,5,340,M-J-S,Diurno,-33.4238,-70.52950,08:51:28,0.877561566871059,2.86680880139307,7.21951085366959,111.467562719599,14.8375067723039,18.37,01:51:28,,,,,,,,,,,,,,,
2025-07-04,Viernes,Vital Apoquindo N°1.690,Villa El Bosque Norte,5,340,M-J-S,Diurno,-33.4250,-70.52955,09:07:50,1.95800268034505,11.4708502408289,4.90737598039687,127.845788940825,16.795509452649,10.24,02:07:50,,,,,,,,,,,,,,,
2025-07-04,Viernes,Yolanda N°9.405,Villa La Escuela,39,340,M-J-S,Diurno,-33.4181,-70.53236,09:19:57,2.32203671446279,6.77010736932483,5.34631727971898,139.962213589868,19.1175461671118,20.58,02:19:57,,,,,,,,,,,,,,,
2025-07-04,Viernes,Alexander Fleming N°9.599,Villa El Bosque Sur,9,660,M-J-S,Diurno,-33.4229,-70.52955,09:55:21,17.2253032392728,28.1913223929611,7.2052372984276,175.358773281257,36.3428494063845,36.66,02:55:21,,,,,,,,,,,,,,,
2025-07-04,Viernes,Alexander Fleming N°9.609,Villa Las Condesas 1,1,660,M-J-S,Diurno,-33.4240,-70.52829,15:00:00,3.343,8.807,4.729,4.729,3.343,22.78,00:04:43,,,,,,,,,,,,,,,
2025-07-04,Viernes,Alexander Fleming N°9.797,Villa Las Condesas 3,1,660,M-J-S,Diurno,-33.4240,-70.52694,15:18:27,3.156,9.353,4.377,18.46,6.499,20.25,00:18:27,,,,,,,,,,,,,,,
2025-07-04,Viernes,Alexander Fleming N°9.809,Villa Las Condesas 4,1,660,M-J-S,Diurno,-33.4241,-70.52629,15:30:56,3.178,7.597,4.889,30.95,9.677,25.10,00:30:56,,,,,,,,,,,,,,,
2025-07-04,Viernes,General Blanche N°9.547,Condominio Privado,7,660,M-J-S,Diurno,-33.4065,-70.53390,15:44:13,2.926,8.626,4.654,44.23,12.603,20.35,00:44:13,,,,,,,,,,,,,,,
2025-07-04,Viernes,La Escuela N°1.336,Villa Vital Apoquindo,36,660,M-J-S,Diurno,-33.4193,-70.53224,15:56:51,2.948,8.065,4.575,56.87,15.551,21.93,00:56:51,,,,,,,,,,,,,,,
2025-07-04,Viernes,Paul Harris N°940,Condominio Privado,4,660,M-J-S,Diurno,-33.4142,-70.53457,16:11:05,3.128,9.038,5.188,71.09,18.679,20.77,01:11:05,,,,,,,,,,,,,,,
2025-07-04,Viernes,Vital Apoquindo N°1.380,Condominio Privado,2,660,M-J-S,Diurno,-33.4194,-70.52971,16:24:29,3.287,9.105,4.303,84.50,21.966,21.66,01:24:29,,,,,,,,,,,,,,,
2025-07-04,Viernes,Vital Apoquindo N°497,Condominio Privado,7,660,M-J-S,Diurno,-33.4088,-70.53313,16:39:01,3.009,9.499,5.025,99.02,24.975,19.01,01:39:01,,,,,,,,,,,,,,,
2025-07-04,Viernes,Yolanda N°9.405,Villa La Escuela,11,660,M-J-S,Diurno,-33.4181,-70.53236,16:52:18,3.368,8.3,4.984,112.31,28.343,24.35,01:52:18,,,,,,,,,,,,,,,
2025-07-04,Viernes,Los Tuliperos,Seguridad Pública,1,660,L-M-V,Diurno,-33.382,-70.5063,17:06:00,3.26,8.857,4.836,126.00,31.603,22.08,02:06:00,,,,,,,,,,,,,,,
2025-07-04,Viernes,Carlos Peña Otaegui N°9.931,Condominio Particular,4,660,L-M-V,Diurno,-33.412,-70.5096,17:18:59,3.35,8.741,4.253,138.99,34.953,23.00,02:18:59,,,,,,,,,,,,,,,
2025-07-04,Viernes,Camino Otoñal N°1.157,Condominio Privado,2,660,L-M-V,Diurno,-33.3991999,-70.5194668,17:31:22,2.854,7.878,4.502,151.37,37.807,21.74,02:31:22,,,,,,,,,,,,,,,
2025-07-04,Viernes,Camino Mirasol N°1.352,Condominio Privado,1,660,L-M-V,Diurno,-33.3983309,-70.5287693,17:45:29,3.352,9.329,4.791,165.49,41.159,21.56,02:45:29,,,,,,,,,,,,,,,
2025-07-04,Viernes,Camino El Alba N° 9210,47 Comisaría,1,660,L-M-V,Diurno,-33.4039974,-70.5378362,17:59:44,3.039,8.976,5.268,179.74,44.198,20.31,02:59:44,,,,,,,,,,,,,,,
2025-07-04,Viernes,Cardenal Newman N°1.288,Condominio Privado,1,660,L-M-V,Diurno,-33.405599,-70.5404712,18:13:06,3.003,8.63,4.736,193.10,47.201,20.88,03:13:06,,,,,,,,,,,,,,,
2025-07-04,Viernes,Presidente Riesco N°9.621,Pasaje,1,660,L-M-V,Diurno,-33.3958703,-70.5565837,18:26:49,2.847,8.442,5.279,206.83,50.048,20.23,03:26:49,,,,,,,,,,,,,,,
2025-07-04,Viernes,Presidente Riesco N°9.655,Pasaje,1,660,L-M-V,Diurno,-33.3978134,-70.5631819,18:39:35,3.089,7.861,4.913,219.60,53.137,23.58,03:39:35,,,,,,,,,,,,,,,
2025-07-04,Viernes,Presidente Riesco N°9.681,Pasaje,1,660,L-M-V,Diurno,-33.4030495,-70.5705881,18:53:41,2.848,9.242,4.858,233.70,55.985,18.49,03:53:41,,,,,,,,,,,,,,,
2025-07-04,Viernes,Presidente Riesco N°9.543,Pasaje,1,660,L-M-V,Diurno,-33.4055,-70.5855,19:07:24,3.297,8.483,5.23,247.41,59.282,23.32,04:07:24,,,,,,,,,,,,,,,
2025-07-04,Viernes,Pte. Martin de Zamora N°8.740,Pasaje,1,660,L-M-V,Diurno,-33.4195452,-70.5777809,19:21:58,3,9.448,5.118,261.98,62.282,19.05,04:21:58,,,,,,,,,,,,,,,
2025-07-05,Sábado,Alcalde Guzmán Nº0180,Servicio de recogida de basura,0,0,L-M-V,Diurno,-33.371397,-70.7012239,19:35:42,3.492,8.739,4.984,275.70,65.774,23.98,04:35:42,,,,,,,,,,,,,,,
2025-07-06,Domingo,Alexander Fleming N°9609,Las Condesas 1,20,240,M-J-S,Diurno,-33.4240,-70.52829,19:49:07,3.191,8.161,5.262,289.12,68.965,23.46,04:49:07,,,,,,,,,,,,,,,
2025-07-07,Lunes,Alexander Fleming N°9695,Las Condesas 2,24,240,M-J-S,Diurno,-33.4240,-70.52769,07:00:00,3.218,8.344,6.24351623184275,6.24351623184275,0,23.14,00:06:14,,,,,,,,,,,,,,,
2025-07-07,Lunes,Alexander Fleming N°9797,Las Condesas 3,20,240,M-J-S,Diurno,-33.4240,-70.52694,07:22:39,4.62895377977223,12.2468918298807,4.17445704320565,22.6648651049291,4.62895377977223,22.68,00:22:39,,,,,,,,,,,,,,,
2025-07-07,Lunes,Alexander Fleming N°9809,Las Condesas 4,20,240,M-J-S,Diurno,-33.4241,-70.52629,07:34:38,2.06244157915292,5.9657486025043,6.01407093899912,34.6446846464325,6.69139535892516,20.74,00:34:38,,,,,,,,,,,,,,,
2025-07-07,Lunes,Paul Harris Sur N°2111,Las Condesas 5,24,240,M-J-S,Diurno,-33.4241,-70.52608,07:44:10,1.73678421432426,5.5223418071212,4.00522099430696,44.1722474478607,8.42817957324942,18.87,00:44:10,,,,,,,,,,,,,,,
2025-07-07,Lunes,Paul Harris Sur N°1.312,Villa Barcelona,22,340,M-J-S,Diurno,-33.4190,-70.53286,07:53:37,1.47095140908582,4.06846519831428,5.38511477370521,53.6258274198802,9.89913098233524,21.69,00:53:37,,,,,,,,,,,,,,,
2025-07-07,Lunes,Río Guadiana N°9.211,Condominio privado Villa Portada de Fleming,2,340,M-J-S,Diurno,-33.4120,-70.53524,08:01:42,0.489334594726559,2.9273670292189,5.1481717138199,61.701366162919,10.3884655770618,10.03,01:01:42,,,,,,,,,,,,,,,
2025-07-07,Lunes,Vital Apoquindo N°1.651,Fleming,5,340,M-J-S,Diurno,-33.4238,-70.52950,08:18:09,2.19091329732591,9.79499750756365,6.65635284385077,78.1527165143334,12.5793788743877,13.42,01:18:09,,,,,,,,,,,,,,,
2025-07-07,Lunes,Vital Apoquindo N°1.690,Villa El Bosque Norte,5,340,M-J-S,Diurno,-33.4250,-70.52955,08:29:07,1.40027183526369,6.12198610089898,4.85851450684578,89.1332171220782,13.9796507096514,13.72,01:29:07,,,,,,,,,,,,,,,
2025-07-07,Lunes,Yolanda N°9.405,Villa La Escuela,39,340,M-J-S,Diurno,-33.4181,-70.53236,08:39:47,0.87955118685677,3.29658915613269,7.35676904074656,99.7865753189574,14.8592018965082,16.01,01:39:47,,,,,,,,,,,,,,,
2025-07-07,Lunes,Alexander Fleming N°9.599,Villa El Bosque Sur,9,660,M-J-S,Diurno,-33.4229,-70.52955,08:54:58,2.01147740457735,10.2499048409976,4.94683001165486,114.98331017161,16.8706793010855,11.77,01:54:58,,,,,,,,,,,,,,,
2025-07-07,Lunes,Alexander Fleming N°9.609,Villa Las Condesas 1,1,660,M-J-S,Diurno,-33.4240,-70.52829,09:08:15,2.33574837232094,6.7920434333177,6.48639434846951,128.261747953397,19.2064276734065,20.63,02:08:15,,,,,,,,,,,,,,,
2025-07-07,Lunes,Alexander Fleming N°9.797,Villa Las Condesas 3,1,660,M-J-S,Diurno,-33.4240,-70.52694,09:40:59,16.7798364169691,28.7356729035786,4.00125120637739,160.998672063353,35.9862640903756,35.04,02:40:59,,,,,,,,,,,,,,,
2025-07-07,Lunes,Alexander Fleming N°9.809,Villa Las Condesas 4,1,660,M-J-S,Diurno,-33.4241,-70.52629,15:00:00,3.008,8.242,4.813,13.06,3.008,21.90,00:13:03,,,,,,,,,,,,,,,
2025-07-07,Lunes,General Blanche N°9.547,Condominio Privado,7,660,M-J-S,Diurno,-33.4065,-70.53390,15:27:00,3.098,9.231,4.722,27.01,6.106,20.14,00:27:00,,,,,,,,,,,,,,,
2025-07-07,Lunes,La Escuela N°1.336,Villa Vital Apoquindo,36,660,M-J-S,Diurno,-33.4193,-70.53224,15:40:12,2.914,8.07,5.138,40.22,9.02,21.67,00:40:12,,,,,,,,,,,,,,,
2025-07-07,Lunes,Paul Harris N°940,Condominio Privado,4,660,M-J-S,Diurno,-33.4142,-70.53457,15:52:31,3.124,7.971,4.343,52.53,12.144,23.52,00:52:31,,,,,,,,,,,,,,,
2025-07-07,Lunes,Vital Apoquindo N°1.380,Condominio Privado,2,660,M-J-S,Diurno,-33.4194,-70.52971,16:06:28,2.935,9.618,4.335,66.48,15.079,18.31,01:06:28,,,,,,,,,,,,,,,
2025-07-07,Lunes,Vital Apoquindo N°497,Condominio Privado,7,660,M-J-S,Diurno,-33.4088,-70.53313,16:19:49,3.031,8.475,4.868,79.83,18.11,21.46,01:19:49,,,,,,,,,,,,,,,
2025-07-07,Lunes,Yolanda N°9.405,Villa La Escuela,11,660,M-J-S,Diurno,-33.4181,-70.53236,16:33:30,3.116,8.297,5.385,93.51,21.226,22.53,01:33:30,,,,,,,,,,,,,,,
2025-07-07,Lunes,,,,,,,,,16:47:21,2.775,8.668,5.18,107.36,24.001,19.21,01:47:21,,,,,,,,,,,,,,,
2025-07-07,Lunes,,,,,,,,,17:00:39,2.991,8.28,5.014,120.65,26.992,21.67,02:00:39,,,,,,,,,,,,,,,
2025-07-07,Lunes,Los Tuliperos,Seguridad Pública,1,660,L-M-V,Diurno,-33.382,-70.5063,07:00:00,2.905,7.57,4.892,133.11,29.897,23.03,02:13:06,,,,,,,,,,,,,,,
2025-07-07,Lunes,Carlos Peña Otaegui N°9.931,Condominio Particular,4,660,L-M-V,Diurno,-33.412,-70.5096,09:25:55,3.419,7.87,4.95,145.93,33.316,26.07,02:25:55,,,,,,,,,,,,,,,
2025-07-07,Lunes,Camino Otoñal N°1.157,Condominio Privado,2,660,L-M-V,Diurno,-33.3991999,-70.5194668,09:39:47,3.077,8.773,5.086,159.79,36.393,21.04,02:39:47,,,,,,,,,,,,,,,
2025-07-07,Lunes,Camino Mirasol N°1.352,Condominio Privado,1,660,L-M-V,Diurno,-33.3983309,-70.5287693,09:52:15,3.37,8.033,4.435,172.26,39.763,25.17,02:52:15,,,,,,,,,,,,,,,
2025-07-07,Lunes,Camino El Alba N° 9210,47 Comisaría,1,660,L-M-V,Diurno,-33.4039974,-70.5378362,10:04:56,3.375,7.989,4.687,184.94,43.138,25.35,03:04:56,,,,,,,,,,,,,,,
2025-07-07,Lunes,Cardenal Newman N°1.288,Condominio Privado,1,660,L-M-V,Diurno,-33.405599,-70.5404712,10:17:52,3.188,8.076,4.867,197.88,46.326,23.68,03:17:52,,,,,,,,,,,,,,,
2025-07-07,Lunes,Presidente Riesco N°9.621,Pasaje,1,660,L-M-V,Diurno,-33.3958703,-70.5565837,10:30:40,2.976,8.396,4.402,210.68,49.302,21.27,03:30:40,,,,,,,,,,,,,,,
2025-07-07,Lunes,Presidente Riesco N°9.655,Pasaje,1,660,L-M-V,Diurno,-33.3978134,-70.5631819,10:44:35,2.95,9.209,4.712,224.60,52.252,19.22,03:44:35,,,,,,,,,,,,,,,
2025-07-07,Lunes,Presidente Riesco N°9.681,Pasaje,1,660,L-M-V,Diurno,-33.4030495,-70.5705881,10:58:46,3.419,9.498,4.683,238.78,55.671,21.60,03:58:46,,,,,,,,,,,,,,,
2025-07-07,Lunes,Presidente Riesco N°9.543,Pasaje,1,660,L-M-V,Diurno,-33.4055,-70.5855,11:13:08,2.66,9.055,5.306,253.14,58.331,17.63,04:13:08,,,,,,,,,,,,,,,
2025-07-07,Lunes,Pte. Martin de Zamora N°8.740,Pasaje,1,660,L-M-V,Diurno,-33.4195452,-70.5777809,11:26:37,3.227,8.349,5.135,266.62,61.558,23.19,04:26:37,,,,,,,,,,,,,,,
2025-07-08,Martes,Alcalde Guzmán Nº0180,Servicio de recogida de basura,0,0,L-M-V,Diurno,-33.371397,-70.7012239,11:40:13,2.85,8.834,4.766,280.22,64.408,19.36,04:40:13,,,,,,,,,,,,,,,
2025-07-09,Miércoles,Alexander Fleming N°9609,Las Condesas 1,20,240,M-J-S,Diurno,-33.4240,-70.52829,07:00:00,3.208,9.073,4.60917143379231,4.60917143379231,0,21.21,00:04:36,,,,,,,,,,,,,,,
2025-07-09,Miércoles,Alexander Fleming N°9695,Las Condesas 2,24,240,M-J-S,Diurno,-33.4240,-70.52769,07:24:09,4.59882335820583,13.4698839931957,6.08443283275682,24.1634882597449,4.59882335820583,20.48,00:24:09,,,,,,,,,,,,,,,
2025-07-09,Miércoles,Alexander Fleming N°9797,Las Condesas 3,20,240,M-J-S,Diurno,-33.4240,-70.52694,07:33:49,2.11234456947433,5.21840246604897,4.44157474772237,33.8234654735162,6.71116792768016,24.29,00:33:49,,,,,,,,,,,,,,,
2025-07-09,Miércoles,Alexander Fleming N°9809,Las Condesas 4,20,240,M-J-S,Diurno,-33.4241,-70.52629,07:44:20,1.65376267776361,4.22471460866506,6.29644034708227,44.3446204292635,8.36493060544377,23.49,00:44:20,,,,,,,,,,,,,,,
2025-07-09,Miércoles,Paul Harris Sur N°2111,Las Condesas 5,24,240,M-J-S,Diurno,-33.4241,-70.52608,07:52:49,1.5215225074101,3.71586710740558,4.77084517107599,52.8313327077451,9.88645311285386,24.57,00:52:49,,,,,,,,,,,,,,,
2025-07-09,Miércoles,Paul Harris Sur N°1.312,Villa Barcelona,22,340,M-J-S,Diurno,-33.4190,-70.53286,08:01:24,0.501133130742303,1.92638795288493,6.65344525267366,61.4111659133037,10.3875862435962,15.61,01:01:24,,,,,,,,,,,,,,,
2025-07-09,Miércoles,Río Guadiana N°9.211,Condominio privado Villa Portada de Fleming,2,340,M-J-S,Diurno,-33.4120,-70.53524,08:17:24,2.24937496027833,8.10556503395429,7.89742207199724,77.4141530192552,12.6369612038745,16.65,01:17:24,,,,,,,,,,,,,,,
2025-07-09,Miércoles,Vital Apoquindo N°1.651,Fleming,5,340,M-J-S,Diurno,-33.4238,-70.52950,08:28:10,1.43238212809236,6.19839939742478,4.55812803385383,88.1706804505338,14.0693433319669,13.87,01:28:10,,,,,,,,,,,,,,,
2025-07-09,Miércoles,Vital Apoquindo N°1.690,Villa El Bosque Norte,5,340,M-J-S,Diurno,-33.4250,-70.52955,08:35:52,0.891760744914419,2.85899963389689,4.84293779642223,95.8726178808529,14.9611040768813,18.71,01:35:52,,,,,,,,,,,,,,,
2025-07-09,Miércoles,Yolanda N°9.405,Villa La Escuela,39,340,M-J-S,Diurno,-33.4181,-70.53236,08:51:57,2.04161184501827,11.0995906721035,4.97828627732137,111.950494830278,17.0027159218996,11.04,01:51:57,,,,,,,,,,,,,,,
2025-07-09,Miércoles,Alexander Fleming N°9.599,Villa El Bosque Sur,9,660,M-J-S,Diurno,-33.4229,-70.52955,09:04:02,2.26188699582367,7.25853893994972,4.8270273716779,124.036061141906,19.2646029177232,18.70,02:04:02,,,,,,,,,,,,,,,
2025-07-09,Miércoles,Alexander Fleming N°9.609,Villa Las Condesas 1,1,660,M-J-S,Diurno,-33.4240,-70.52829,09:54:54,17.1293629892323,46.0448560137724,4.82172129792992,174.902638453608,36.3939659069555,22.32,02:54:54,,,,,,,,,,,,,,,
2025-07-09,Miércoles,Alexander Fleming N°9.797,Villa Las Condesas 3,1,660,M-J-S,Diurno,-33.4240,-70.52694,15:00:00,3.09,8.162,4.83,12.992,3.09,22.72,00:12:59,,,,,,,,,,,,,,,
2025-07-09,Miércoles,Alexander Fleming N°9.809,Villa Las Condesas 4,1,660,M-J-S,Diurno,-33.4241,-70.52629,15:27:09,3.166,9.343,4.815,27.15,6.256,20.33,00:27:09,,,,,,,,,,,,,,,
2025-07-09,Miércoles,General Blanche N°9.547,Condominio Privado,7,660,M-J-S,Diurno,-33.4065,-70.53390,15:39:08,3.07,7.547,4.446,39.143,9.326,24.41,00:39:08,,,,,,,,,,,,,,,
2025-07-09,Miércoles,La Escuela N°1.336,Villa Vital Apoquindo,36,660,M-J-S,Diurno,-33.4193,-70.53224,15:53:45,3.295,9.311,5.309,53.763,12.621,21.23,00:53:45,,,,,,,,,,,,,,,
2025-07-09,Miércoles,Paul Harris N°940,Condominio Privado,4,660,M-J-S,Diurno,-33.4142,-70.53457,16:08:39,3.313,10.042,4.847,68.652,15.934,19.79,01:08:39,,,,,,,,,,,,,,,
2025-07-09,Miércoles,Vital Apoquindo N°1.380,Condominio Privado,2,660,M-J-S,Diurno,-33.4194,-70.52971,16:21:44,3.211,7.772,5.313,81.737,19.145,24.79,01:21:44,,,,,,,,,,,,,,,
2025-07-09,Miércoles,Vital Apoquindo N°497,Condominio Privado,7,660,M-J-S,Diurno,-33.4088,-70.53313,16:35:31,3.327,8.773,5.019,95.529,22.472,22.75,01:35:31,,,,,,,,,,,,,,,
2025-07-09,Miércoles,Yolanda N°9.405,Villa La Escuela,11,660,M-J-S,Diurno,-33.4181,-70.53236,16:48:20,2.829,7.925,4.888,108.342,25.301,21.42,01:48:20,,,,,,,,,,,,,,,
2025-07-09,Miércoles,,,,,,,,,17:02:09,2.988,8.836,4.975,122.153,28.289,20.29,02:02:09,,,,,,,,,,,,,,,
2025-07-09,Miércoles,Los Tuliperos,Seguridad Pública,1,660,L-M-V,Diurno,-33.382,-70.5063,17:15:53,3.45,9.139,4.599,135.891,31.739,22.65,02:15:53,,,,,,,,,,,,,,,
2025-07-09,Miércoles,Carlos Peña Otaegui N°9.931,Condominio Particular,4,660,L-M-V,Diurno,-33.412,-70.5096,17:28:27,3.365,8.036,4.529,148.456,35.104,25.12,02:28:27,,,,,,,,,,,,,,,
2025-07-09,Miércoles,Camino Otoñal N°1.157,Condominio Privado,2,660,L-M-V,Diurno,-33.3991999,-70.5194668,17:42:21,3.414,9.506,4.388,162.35,38.518,21.55,02:42:21,,,,,,,,,,,,,,,
2025-07-09,Miércoles,Camino Mirasol N°1.352,Condominio Privado,1,660,L-M-V,Diurno,-33.3983309,-70.5287693,17:55:55,2.911,8.751,4.817,175.918,41.429,19.96,02:55:55,,,,,,,,,,,,,,,
2025-07-09,Miércoles,Camino El Alba N° 9210,47 Comisaría,1,660,L-M-V,Diurno,-33.4039974,-70.5378362,18:08:50,3.071,7.793,5.131,188.842,44.5,23.64,03:08:50,,,,,,,,,,,,,,,
2025-07-09,Miércoles,Cardenal Newman N°1.288,Condominio Privado,1,660,L-M-V,Diurno,-33.405599,-70.5404712,18:22:32,3.099,9.293,4.412,202.547,47.599,20.01,03:22:32,,,,,,,,,,,,,,,
2025-07-09,Miércoles,Presidente Riesco N°9.621,Pasaje,1,660,L-M-V,Diurno,-33.3958703,-70.5565837,18:36:38,2.957,9.035,5.066,216.648,50.556,19.64,03:36:38,,,,,,,,,,,,,,,
2025-07-09,Miércoles,Presidente Riesco N°9.655,Pasaje,1,660,L-M-V,Diurno,-33.3978134,-70.5631819,18:50:08,2.86,9.044,4.448,230.14,53.416,18.97,03:50:08,,,,,,,,,,,,,,,
2025-07-09,Miércoles,Presidente Riesco N°9.681,Pasaje,1,660,L-M-V,Diurno,-33.4030495,-70.5705881,19:04:31,2.909,8.904,5.488,244.532,56.325,19.60,04:04:31,,,,,,,,,,,,,,,
2025-07-09,Miércoles,Presidente Riesco N°9.543,Pasaje,1,660,L-M-V,Diurno,-33.4055,-70.5855,19:18:27,3.328,9.229,4.699,258.46,59.653,21.64,04:18:27,,,,,,,,,,,,,,,
2025-07-09,Miércoles,Pte. Martin de Zamora N°8.740,Pasaje,1,660,L-M-V,Diurno,-33.4195452,-70.5777809,19:30:50,3.198,7.79,4.589,270.839,62.851,24.63,04:30:50,,,,,,,,,,,,,,,
2025-07-10,Jueves,Alcalde Guzmán Nº0180,Servicio de recogida de basura,0,0,L-M-V,Diurno,-33.371397,-70.7012239,19:44:12,3.105,8.488,4.876,284.203,65.956,21.95,04:44:12,,,,,,,,,,,,,,,
2025-07-11,Viernes,Alexander Fleming N°9609,Las Condesas 1,20,240,M-J-S,Diurno,-33.4240,-70.52829,07:00:00,2.936,8.86,7.5915940443328,7.5915940443328,0,19.88,00:07:35,,,,,,,,,,,,,,,
2025-07-11,Viernes,Alexander Fleming N°9695,Las Condesas 2,24,240,M-J-S,Diurno,-33.4240,-70.52769,07:24:08,4.69149606059491,11.8026713700297,4.74679467066611,24.1410600850286,4.69149606059491,23.85,00:24:08,,,,,,,,,,,,,,,
2025-07-11,Viernes,Alexander Fleming N°9797,Las Condesas 3,20,240,M-J-S,Diurno,-33.4240,-70.52694,07:33:43,2.07214610286413,5.33078245862478,4.24664095153946,33.7184834951928,6.76364216345904,23.32,00:33:43,,,,,,,,,,,,,,,
2025-07-11,Viernes,Alexander Fleming N°9809,Las Condesas 4,20,240,M-J-S,Diurno,-33.4241,-70.52629,07:45:02,1.71469773341115,3.8901972722705,7.4411578516125,45.0498386190758,8.47833989687019,26.45,00:45:02,,,,,,,,,,,,,,,
2025-07-11,Viernes,Paul Harris Sur N°2111,Las Condesas 5,24,240,M-J-S,Diurno,-33.4241,-70.52608,07:57:41,1.51562838469486,5.56208687274685,7.07409608603813,57.6860215778608,9.99396828156505,16.35,00:57:41,,,,,,,,,,,,,,,
2025-07-11,Viernes,Paul Harris Sur N°1.312,Villa Barcelona,22,340,M-J-S,Diurno,-33.4190,-70.53286,08:05:45,0.497521275176262,2.00556009371047,6.06916735355795,65.7607490251292,10.4914895567413,14.88,01:05:45,,,,,,,,,,,,,,,
2025-07-11,Viernes,Río Guadiana N°9.211,Condominio privado Villa Portada de Fleming,2,340,M-J-S,Diurno,-33.4120,-70.53524,08:21:47,2.23915350960401,9.82148943055783,6.20955543257103,81.7917938882581,12.7306430663453,13.68,01:21:47,,,,,,,,,,,,,,,
2025-07-11,Viernes,Vital Apoquindo N°1.651,Fleming,5,340,M-J-S,Diurno,-33.4238,-70.52950,08:33:15,1.40205631919789,6.16580105553173,5.30867843279601,93.2662733765858,14.1326993855432,13.64,01:33:15,,,,,,,,,,,,,,,
2025-07-11,Viernes,Vital Apoquindo N°1.690,Villa El Bosque Norte,5,340,M-J-S,Diurno,-33.4250,-70.52955,08:43:08,0.920877484546293,2.81527197728405,7.05665765089811,103.138203004768,15.0535768700895,19.63,01:43:08,,,,,,,,,,,,,,,
2025-07-11,Viernes,Yolanda N°9.405,Villa La Escuela,39,340,M-J-S,Diurno,-33.4181,-70.53236,08:58:37,2.02144981735372,10.3527950461796,5.13087696230404,118.621875013252,17.0750266874432,11.72,01:58:37,,,,,,,,,,,,,,,
2025-07-11,Viernes,Alexander Fleming N°9.599,Villa El Bosque Sur,9,660,M-J-S,Diurno,-33.4229,-70.52955,09:10:34,2.26555540873589,6.7796060513063,5.17234839042953,130.573829454987,19.3405820961791,20.05,02:10:34,,,,,,,,,,,,,,,
2025-07-11,Viernes,Alexander Fleming N°9.609,Villa Las Condesas 1,1,660,M-J-S,Diurno,-33.4240,-70.52829,09:45:40,16.5960800506694,28.7445779117532,6.35401387422812,165.672421240969,35.9366621468485,34.64,02:45:40,,,,,,,,,,,,,,,
2025-07-11,Viernes,Alexander Fleming N°9.797,Villa Las Condesas 3,1,660,M-J-S,Diurno,-33.4240,-70.52694,15:00:00,3.517,9.549,4.432,13.981,3.52,22.10,00:13:58,,,,,,,,,,,,,,,
2025-07-11,Viernes,Alexander Fleming N°9.809,Villa Las Condesas 4,1,660,M-J-S,Diurno,-33.4241,-70.52629,15:27:55,2.948,8.721,5.227,27.929,6.47,20.28,00:27:55,,,,,,,,,,,,,,,
2025-07-11,Viernes,General Blanche N°9.547,Condominio Privado,7,660,M-J-S,Diurno,-33.4065,-70.53390,15:41:19,3.447,8.471,4.931,41.331,9.91,24.42,00:41:19,,,,,,,,,,,,,,,
2025-07-11,Viernes,La Escuela N°1.336,Villa Vital Apoquindo,36,660,M-J-S,Diurno,-33.4193,-70.53224,15:55:07,3.403,9.104,4.694,55.129,13.32,22.43,00:55:07,,,,,,,,,,,,,,,
2025-07-11,Viernes,Paul Harris N°940,Condominio Privado,4,660,M-J-S,Diurno,-33.4142,-70.53457,16:09:42,3.077,9.499,5.088,69.716,16.39,19.44,01:09:42,,,,,,,,,,,,,,,
2025-07-11,Viernes,Vital Apoquindo N°1.380,Condominio Privado,2,660,M-J-S,Diurno,-33.4194,-70.52971,16:23:10,2.817,8.513,4.951,83.18,19.21,19.85,01:23:10,,,,,,,,,,,,,,,
2025-07-11,Viernes,Vital Apoquindo N°497,Condominio Privado,7,660,M-J-S,Diurno,-33.4088,-70.53313,16:36:05,3.495,8.16,4.757,96.097,22.70,25.70,01:36:05,,,,,,,,,,,,,,,
2025-07-11,Viernes,Yolanda N°9.405,Villa La Escuela,11,660,M-J-S,Diurno,-33.4181,-70.53236,16:48:49,3.232,8.197,4.529,108.823,25.94,23.66,01:48:49,,,,,,,,,,,,,,,
2025-07-11,Viernes,,,,,,,,,17:01:45,3.296,7.858,5.069,121.75,29.23,25.17,02:01:45,,,,,,,,,,,,,,,
2025-07-11,Viernes,Los Tuliperos,Seguridad Pública,1,660,L-M-V,Diurno,-33.382,-70.5063,17:16:17,2.829,9.407,5.134,136.291,32.06,18.04,02:16:17,,,,,,,,,,,,,,,
2025-07-11,Viernes,Carlos Peña Otaegui N°9.931,Condominio Particular,4,660,L-M-V,Diurno,-33.412,-70.5096,17:30:22,2.818,9.209,4.879,150.379,34.88,18.36,02:30:22,,,,,,,,,,,,,,,
2025-07-11,Viernes,Camino Otoñal N°1.157,Condominio Privado,2,660,L-M-V,Diurno,-33.3991999,-70.5194668,17:43:32,3.097,7.841,5.325,163.545,37.98,23.70,02:43:32,,,,,,,,,,,,,,,
2025-07-11,Viernes,Camino Mirasol N°1.352,Condominio Privado,1,660,L-M-V,Diurno,-33.3983309,-70.5287693,17:57:33,3.317,9.378,4.628,177.551,41.29,21.22,02:57:33,,,,,,,,,,,,,,,
2025-07-11,Viernes,Camino El Alba N° 9210,47 Comisaría,1,660,L-M-V,Diurno,-33.4039974,-70.5378362,18:11:18,3.397,8.351,5.412,191.314,44.69,24.41,03:11:18,,,,,,,,,,,,,,,
2025-07-11,Viernes,Cardenal Newman N°1.288,Condominio Privado,1,660,L-M-V,Diurno,-33.405599,-70.5404712,18:24:32,3.396,8.129,5.099,204.542,48.09,25.07,03:24:32,,,,,,,,,,,,,,,
2025-07-11,Viernes,Presidente Riesco N°9.621,Pasaje,1,660,L-M-V,Diurno,-33.3958703,-70.5565837,18:37:39,3.128,8.447,4.662,217.651,51.21,22.22,03:37:39,,,,,,,,,,,,,,,
2025-07-11,Viernes,Presidente Riesco N°9.655,Pasaje,1,660,L-M-V,Diurno,-33.3978134,-70.5631819,18:51:41,3.223,8.997,5.051,231.699,54.44,21.49,03:51:41,,,,,,,,,,,,,,,
2025-07-11,Viernes,Presidente Riesco N°9.681,Pasaje,1,660,L-M-V,Diurno,-33.4030495,-70.5705881,19:04:49,3.28,8.496,4.626,244.821,57.72,23.16,04:04:49,,,,,,,,,,,,,,,
2025-07-11,Viernes,Presidente Riesco N°9.543,Pasaje,1,660,L-M-V,Diurno,-33.4055,-70.5855,19:19:30,3.533,9.936,4.753,259.51,61.25,21.33,04:19:30,,,,,,,,,,,,,,,
2025-07-11,Viernes,Pte. Martin de Zamora N°8.740,Pasaje,1,660,L-M-V,Diurno,-33.4195452,-70.5777809,19:32:42,3.21,8.266,4.936,272.712,64.46,23.30,04:32:42,,,,,,,,,,,,,,,
2025-07-12,Sábado,Alcalde Guzmán Nº0180,Servicio de recogida de basura,0,0,L-M-V,Diurno,-33.371397,-70.7012239,19:46:47,3.2,8.719,5.366,286.797,67.66,22.02,04:46:47,,,,,,,,,,,,,,,
2025-07-13,Domingo,Alexander Fleming N°9609,Las Condesas 1,20,240,M-J-S,Diurno,-33.4240,-70.52829,20:00:42,3.264,8.89,5.027,300.714,70.92,22.03,05:00:42,,,,,,,,,,,,,,,
2025-07-14,Lunes,Alexander Fleming N°9695,Las Condesas 2,24,240,M-J-S,Diurno,-33.4240,-70.52769,07:00:00,2.867,8.117,6.11873640234791,6.11873640234791,0,21.19,00:06:07,,,,,,,,,,,,,,,
2025-07-14,Lunes,Alexander Fleming N°9797,Las Condesas 3,20,240,M-J-S,Diurno,-33.4240,-70.52694,07:27:46,4.50545463597457,17.168783722065,4.49413042364414,27.781650548057,4.50545463597457,15.75,00:27:46,,,,,,,,,,,,,,,
2025-07-14,Lunes,Alexander Fleming N°9809,Las Condesas 4,20,240,M-J-S,Diurno,-33.4241,-70.52629,07:39:19,2.14798866286028,5.0792898268619,6.46103340084776,39.3219737757667,6.65344329883484,25.37,00:39:19,,,,,,,,,,,,,,,
2025-07-14,Lunes,Paul Harris Sur N°2111,Las Condesas 5,24,240,M-J-S,Diurno,-33.4241,-70.52608,07:48:07,1.68767852974866,3.96978342239657,4.83088694489019,48.1226441430535,8.34112182858351,25.51,00:48:07,,,,,,,,,,,,,,,
2025-07-14,Lunes,Paul Harris Sur N°1.312,Villa Barcelona,22,340,M-J-S,Diurno,-33.4190,-70.53286,07:58:54,1.46288968956035,4.04112615149827,6.74982555401313,58.9135958485649,9.80401151814386,21.72,00:58:54,,,,,,,,,,,,,,,
2025-07-14,Lunes,Río Guadiana N°9.211,Condominio privado Villa Portada de Fleming,2,340,M-J-S,Diurno,-33.4120,-70.53524,08:05:45,0.487923213453868,2.12006435900167,4.72269056620794,65.7563507737745,10.2919347315977,13.81,01:05:45,,,,,,,,,,,,,,,
2025-07-14,Lunes,Vital Apoquindo N°1.651,Fleming,5,340,M-J-S,Diurno,-33.4238,-70.52950,08:18:23,2.23883007888239,8.21962731123364,4.42266342523055,78.3986415102387,12.5307648104801,16.34,01:18:23,,,,,,,,,,,,,,,
2025-07-14,Lunes,Vital Apoquindo N°1.690,Villa El Bosque Norte,5,340,M-J-S,Diurno,-33.4250,-70.52955,08:31:57,1.3766992356502,6.5930253971349,6.96688403404505,91.9585509414186,13.9074640461303,12.53,01:31:57,,,,,,,,,,,,,,,
2025-07-14,Lunes,Yolanda N°9.405,Villa La Escuela,39,340,M-J-S,Diurno,-33.4181,-70.53236,08:41:55,0.907032625495568,2.8074361164962,7.15118417390182,101.917171231817,14.8144966716259,19.38,01:41:55,,,,,,,,,,,,,,,
2025-07-14,Lunes,Alexander Fleming N°9.599,Villa El Bosque Sur,9,660,M-J-S,Diurno,-33.4229,-70.52955,09:02:23,2.00556259476422,15.3303394288559,5.14566827941502,122.393178940088,16.8200592663901,7.85,02:02:23,,,,,,,,,,,,,,,
2025-07-14,Lunes,Alexander Fleming N°9.609,Villa Las Condesas 1,1,660,M-J-S,Diurno,-33.4240,-70.52829,09:17:13,2.32204041732987,7.69587363389971,7.13209542969448,137.221148003682,19.14209968372,18.10,02:17:13,,,,,,,,,,,,,,,
2025-07-14,Lunes,Alexander Fleming N°9.797,Villa Las Condesas 3,1,660,M-J-S,Diurno,-33.4240,-70.52694,09:53:39,17.0239128789807,28.758111443387,7.68145855228741,173.660717999356,36.1660125627006,35.52,02:53:39,,,,,,,,,,,,,,,
2025-07-14,Lunes,Alexander Fleming N°9.809,Villa Las Condesas 4,1,660,M-J-S,Diurno,-33.4241,-70.52629,15:00:00,2.898,8.615,5.511,14.126,2.898,20.18,00:14:07,,,,,,,,,,,,,,,
2025-07-14,Lunes,General Blanche N°9.547,Condominio Privado,7,660,M-J-S,Diurno,-33.4065,-70.53390,15:27:30,3.188,8.201,5.189,27.516,3.188,23.32,00:27:30,,,,,,,,,,,,,,,
2025-07-14,Lunes,La Escuela N°1.336,Villa Vital Apoquindo,36,660,M-J-S,Diurno,-33.4193,-70.53224,15:41:03,2.812,8.972,4.563,41.051,2.812,18.81,00:41:03,,,,,,,,,,,,,,,
2025-07-14,Lunes,Paul Harris N°940,Condominio Privado,4,660,M-J-S,Diurno,-33.4142,-70.53457,15:54:36,3.238,8.775,4.789,54.615,3.238,22.14,00:54:36,,,,,,,,,,,,,,,
2025-07-14,Lunes,Vital Apoquindo N°1.380,Condominio Privado,2,660,M-J-S,Diurno,-33.4194,-70.52971,16:08:19,2.791,8.695,5.023,68.333,2.791,19.26,01:08:19,,,,,,,,,,,,,,,
2025-07-14,Lunes,Vital Apoquindo N°497,Condominio Privado,7,660,M-J-S,Diurno,-33.4088,-70.53313,16:22:32,3.183,8.975,5.237,82.545,3.183,21.28,01:22:32,,,,,,,,,,,,,,,
2025-07-14,Lunes,Yolanda N°9.405,Villa La Escuela,11,660,M-J-S,Diurno,-33.4181,-70.53236,16:37:24,3.409,9.483,5.388,97.416,3.409,21.57,01:37:24,,,,,,,,,,,,,,,
2025-07-14,Lunes,,,,,,,,,16:50:55,3.575,8.175,5.327,110.918,3.575,26.24,01:50:55,,,,,,,,,,,,,,,
2025-07-14,Lunes,,,,,,,,,17:05:05,3.309,9.736,4.435,125.089,3.309,20.39,02:05:05,,,,,,,,,,,,,,,
2025-07-14,Lunes,Los Tuliperos,Seguridad Pública,1,660,L-M-V,Diurno,-33.382,-70.5063,17:19:18,3.413,8.939,5.286,139.314,3.413,22.91,02:19:18,,,,,,,,,,,,,,,
2025-07-14,Lunes,Carlos Peña Otaegui N°9.931,Condominio Particular,4,660,L-M-V,Diurno,-33.412,-70.5096,17:32:18,3.22,8.504,4.484,152.302,3.22,22.72,02:32:18,,,,,,,,,,,,,,,
2025-07-14,Lunes,Camino Otoñal N°1.157,Condominio Privado,2,660,L-M-V,Diurno,-33.3991999,-70.5194668,17:45:19,3.169,8.162,4.869,165.333,3.169,23.30,02:45:19,,,,,,,,,,,,,,,
2025-07-14,Lunes,Camino Mirasol N°1.352,Condominio Privado,1,660,L-M-V,Diurno,-33.3983309,-70.5287693,17:58:43,2.921,8.692,4.702,178.727,2.921,20.16,02:58:43,,,,,,,,,,,,,,,
2025-07-14,Lunes,Camino El Alba N° 9210,47 Comisaría,1,660,L-M-V,Diurno,-33.4039974,-70.5378362,18:12:32,3.358,8.654,5.158,192.539,3.358,23.28,03:12:32,,,,,,,,,,,,,,,
2025-07-14,Lunes,Cardenal Newman N°1.288,Condominio Privado,1,660,L-M-V,Diurno,-33.405599,-70.5404712,18:26:09,3.232,8.46,5.163,206.162,3.232,22.92,03:26:09,,,,,,,,,,,,,,,
2025-07-14,Lunes,Presidente Riesco N°9.621,Pasaje,1,660,L-M-V,Diurno,-33.3958703,-70.5565837,18:40:33,3.034,9.494,4.907,220.563,3.034,19.17,03:40:33,,,,,,,,,,,,,,,
2025-07-14,Lunes,Presidente Riesco N°9.655,Pasaje,1,660,L-M-V,Diurno,-33.3978134,-70.5631819,18:54:12,2.838,8.607,5.044,234.214,2.838,19.78,03:54:12,,,,,,,,,,,,,,,
2025-07-14,Lunes,Presidente Riesco N°9.681,Pasaje,1,660,L-M-V,Diurno,-33.4030495,-70.5705881,19:08:12,3.162,9.625,4.368,248.207,3.162,19.71,04:08:12,,,,,,,,,,,,,,,
2025-07-14,Lunes,Presidente Riesco N°9.543,Pasaje,1,660,L-M-V,Diurno,-33.4055,-70.5855,19:21:30,2.893,8.2,5.101,261.508,2.893,21.17,04:21:30,,,,,,,,,,,,,,,
2025-07-14,Lunes,Pte. Martin de Zamora N°8.740,Pasaje,1,660,L-M-V,Diurno,-33.4195452,-70.5777809,19:34:37,2.638,8.184,4.931,274.623,2.638,19.34,04:34:37,,,,,,,,,,,,,,,
2025-07-15,Martes,Alcalde Guzmán Nº0180,Servicio de recogida de basura,0,0,L-M-V,Diurno,-33.371397,-70.7012239,19:48:04,2.932,8.626,4.832,288.081,2.932,20.39,04:48:04,,,,,,,,,,,,,,,
2025-07-16,Miércoles,Alexander Fleming N°9609,Las Condesas 1,20,240,M-J-S,Diurno,-33.4240,-70.52829,07:00:00,3.019,9.087,7.94079269421686,7.94079269421686,0,19.93,00:07:56,,,,,,,,,,,,,,,
2025-07-16,Miércoles,Alexander Fleming N°9695,Las Condesas 2,24,240,M-J-S,Diurno,-33.4240,-70.52769,07:27:44,4.58566158448481,12.6111127610923,7.19561624570242,27.7475217010116,4.58566158448481,21.82,00:27:44,,,,,,,,,,,,,,,
2025-07-16,Miércoles,Alexander Fleming N°9797,Las Condesas 3,20,240,M-J-S,Diurno,-33.4240,-70.52694,07:40:13,2.10615719528369,5.93569476324293,6.53914006226216,40.2223565265166,6.6918187797685,21.29,00:40:13,,,,,,,,,,,,,,,
2025-07-16,Miércoles,Alexander Fleming N°9809,Las Condesas 4,20,240,M-J-S,Diurno,-33.4241,-70.52629,07:52:16,1.69190046635089,5.94240577397873,6.10231264450958,52.2670749450049,8.38371924611939,17.08,00:52:16,,,,,,,,,,,,,,,
2025-07-16,Miércoles,Paul Harris Sur N°2111,Las Condesas 5,24,240,M-J-S,Diurno,-33.4241,-70.52608,08:02:35,1.47206454489982,3.67827801000969,6.65121657822519,62.5965695332398,9.85578379101921,24.01,01:02:35,,,,,,,,,,,,,,,
2025-07-16,Miércoles,Paul Harris Sur N°1.312,Villa Barcelona,22,340,M-J-S,Diurno,-33.4190,-70.53286,08:12:18,0.512697837704609,1.95447410890605,7.76331868487206,72.3143623270179,10.3684816287238,15.74,01:12:18,,,,,,,,,,,,,,,
2025-07-16,Miércoles,Río Guadiana N°9.211,Condominio privado Villa Portada de Fleming,2,340,M-J-S,Diurno,-33.4120,-70.53524,08:25:32,2.16036866324629,8.62076399944459,4.60125759801221,85.5363839244747,12.5288502919701,15.04,01:25:32,,,,,,,,,,,,,,,
2025-07-16,Miércoles,Vital Apoquindo N°1.651,Fleming,5,340,M-J-S,Diurno,-33.4238,-70.52950,08:37:20,1.41436770789615,5.75337668663068,6.05259596171465,97.3423565728201,13.9432179998663,14.75,01:37:20,,,,,,,,,,,,,,,
2025-07-16,Miércoles,Vital Apoquindo N°1.690,Villa El Bosque Norte,5,340,M-J-S,Diurno,-33.4250,-70.52955,08:44:43,0.901008613321294,3.27941889551994,4.10071015315149,104.722485621492,14.8442266131875,16.48,01:44:43,,,,,,,,,,,,,,,
2025-07-16,Miércoles,Yolanda N°9.405,Villa La Escuela,39,340,M-J-S,Diurno,-33.4181,-70.53236,09:00:51,1.94064591215605,10.9127520945953,5.23029689547805,120.865534611565,16.7848725253436,10.67,02:00:51,,,,,,,,,,,,,,,
2025-07-16,Miércoles,Alexander Fleming N°9.599,Villa El Bosque Sur,9,660,M-J-S,Diurno,-33.4229,-70.52955,09:14:27,2.25726363924604,7.57040318327494,6.01983736365388,134.455775158494,19.0421361645896,17.89,02:14:27,,,,,,,,,,,,,,,
2025-07-16,Miércoles,Alexander Fleming N°9.609,Villa Las Condesas 1,1,660,M-J-S,Diurno,-33.4240,-70.52829,09:46:49,16.5318452116621,28.3432704532802,4.01978627861125,166.818831890385,35.5739813762517,35.00,02:46:49,,,,,,,,,,,,,,,
2025-07-16,Miércoles,Alexander Fleming N°9.797,Villa Las Condesas 3,1,660,M-J-S,Diurno,-33.4240,-70.52694,15:00:00,3.413,9.467,5.29,14.757,3.413,21.63,00:14:45,,,,,,,,,,,,,,,
2025-07-16,Miércoles,Alexander Fleming N°9.809,Villa Las Condesas 4,1,660,M-J-S,Diurno,-33.4241,-70.52629,15:27:39,3.119,8.307,4.602,27.666,6.532,22.53,00:27:39,,,,,,,,,,,,,,,
2025-07-16,Miércoles,General Blanche N°9.547,Condominio Privado,7,660,M-J-S,Diurno,-33.4065,-70.53390,15:41:12,3.318,9.053,4.496,41.215,9.85,21.99,00:41:12,,,,,,,,,,,,,,,
2025-07-16,Miércoles,La Escuela N°1.336,Villa Vital Apoquindo,36,660,M-J-S,Diurno,-33.4193,-70.53224,15:56:00,2.974,9.614,5.173,56.002,12.824,18.56,00:56:00,,,,,,,,,,,,,,,
2025-07-16,Miércoles,Paul Harris N°940,Condominio Privado,4,660,M-J-S,Diurno,-33.4142,-70.53457,16:10:09,3.22,9.117,5.043,70.162,16.044,21.19,01:10:09,,,,,,,,,,,,,,,
2025-07-16,Miércoles,Vital Apoquindo N°1.380,Condominio Privado,2,660,M-J-S,Diurno,-33.4194,-70.52971,16:22:46,2.831,7.556,5.051,82.769,18.875,22.48,01:22:46,,,,,,,,,,,,,,,
2025-07-16,Miércoles,Vital Apoquindo N°497,Condominio Privado,7,660,M-J-S,Diurno,-33.4088,-70.53313,16:36:17,2.945,8.537,4.992,96.298,21.82,20.70,01:36:17,,,,,,,,,,,,,,,
2025-07-16,Miércoles,Yolanda N°9.405,Villa La Escuela,11,660,M-J-S,Diurno,-33.4181,-70.53236,16:49:33,2.982,8.511,4.742,109.551,24.802,21.02,01:49:33,,,,,,,,,,,,,,,
2025-07-16,Miércoles,,,,,,,,,17:03:43,3.095,8.581,5.598,123.73,27.897,21.64,02:03:43,,,,,,,,,,,,,,,
2025-07-16,Miércoles,Los Tuliperos,Seguridad Pública,1,660,L-M-V,Diurno,-33.382,-70.5063,17:17:18,3.244,8.612,4.96,137.302,31.141,22.60,02:17:18,,,,,,,,,,,,,,,
2025-07-16,Miércoles,Carlos Peña Otaegui N°9.931,Condominio Particular,4,660,L-M-V,Diurno,-33.412,-70.5096,17:30:55,3.143,8.866,4.752,150.92,34.284,21.27,02:30:55,,,,,,,,,,,,,,,
2025-07-16,Miércoles,Camino Otoñal N°1.157,Condominio Privado,2,660,L-M-V,Diurno,-33.3991999,-70.5194668,17:45:24,3.152,9.547,4.948,165.415,37.436,19.81,02:45:24,,,,,,,,,,,,,,,
2025-07-16,Miércoles,Camino Mirasol N°1.352,Condominio Privado,1,660,L-M-V,Diurno,-33.3983309,-70.5287693,18:00:08,2.966,9.673,5.051,180.139,40.402,18.40,03:00:08,,,,,,,,,,,,,,,
2025-07-16,Miércoles,Camino El Alba N° 9210,47 Comisaría,1,660,L-M-V,Diurno,-33.4039974,-70.5378362,18:14:31,3.264,8.995,5.385,194.519,43.666,21.77,03:14:31,,,,,,,,,,,,,,,
2025-07-16,Miércoles,Cardenal Newman N°1.288,Condominio Privado,1,660,L-M-V,Diurno,-33.405599,-70.5404712,18:27:33,3.072,8.111,4.923,207.553,46.738,22.72,03:27:33,,,,,,,,,,,,,,,
2025-07-16,Miércoles,Presidente Riesco N°9.621,Pasaje,1,660,L-M-V,Diurno,-33.3958703,-70.5565837,18:40:46,2.966,8.136,5.094,220.783,49.704,21.87,03:40:46,,,,,,,,,,,,,,,
2025-07-16,Miércoles,Presidente Riesco N°9.655,Pasaje,1,660,L-M-V,Diurno,-33.3978134,-70.5631819,18:54:46,2.907,8.874,5.118,234.775,52.611,19.66,03:54:46,,,,,,,,,,,,,,,
2025-07-16,Miércoles,Presidente Riesco N°9.681,Pasaje,1,660,L-M-V,Diurno,-33.4030495,-70.5705881,19:09:08,3.115,9.109,5.251,249.135,55.726,20.52,04:09:08,,,,,,,,,,,,,,,
2025-07-16,Miércoles,Presidente Riesco N°9.543,Pasaje,1,660,L-M-V,Diurno,-33.4055,-70.5855,19:22:41,3.191,8.749,4.804,262.688,58.917,21.88,04:22:41,,,,,,,,,,,,,,,
2025-07-16,Miércoles,Pte. Martin de Zamora N°8.740,Pasaje,1,660,L-M-V,Diurno,-33.4195452,-70.5777809,19:37:20,3.382,9.291,5.358,277.337,62.299,21.84,04:37:20,,,,,,,,,,,,,,,
2025-07-17,Jueves,Alcalde Guzmán Nº0180,Servicio de recogida de basura,0,0,L-M-V,Diurno,-33.371397,-70.7012239,19:50:40,3.302,8.74,4.591,290.668,65.601,22.67,04:50:40,,,,,,,,,,,,,,,
2025-07-18,Viernes,Alexander Fleming N°9609,Las Condesas 1,20,240,M-J-S,Diurno,-33.4240,-70.52829,07:00:00,2.793,8.222,5.77544293901465,5.77544293901465,0,20.38,00:05:46,,,,,,,,,,,,,,,
2025-07-18,Viernes,Alexander Fleming N°9695,Las Condesas 2,24,240,M-J-S,Diurno,-33.4240,-70.52769,07:22:56,4.59417311736284,11.6736148132095,5.49092545247878,22.9399832047029,4.59417311736284,23.61,00:22:56,,,,,,,,,,,,,,,
2025-07-18,Viernes,Alexander Fleming N°9797,Las Condesas 3,20,240,M-J-S,Diurno,-33.4240,-70.52694,07:32:47,2.04484259718365,5.00911519097272,4.8397297342093,32.7888281298849,6.63901571454649,24.49,00:32:47,,,,,,,,,,,,,,,
2025-07-18,Viernes,Alexander Fleming N°9809,Las Condesas 4,20,240,M-J-S,Diurno,-33.4241,-70.52629,07:45:34,1.69146667982808,5.85200872648645,6.94226444025972,45.5831012966311,8.33048239437457,17.34,00:45:34,,,,,,,,,,,,,,,
2025-07-18,Viernes,Paul Harris Sur N°2111,Las Condesas 5,24,240,M-J-S,Diurno,-33.4241,-70.52608,07:56:17,1.50775025185945,3.76185790918283,6.94243400214,56.2873932079539,9.83823264623402,24.05,00:56:17,,,,,,,,,,,,,,,
2025-07-18,Viernes,Paul Harris Sur N°1.312,Villa Barcelona,22,340,M-J-S,Diurno,-33.4190,-70.53286,08:05:46,0.498917136401535,2.11140224473855,7.37013937139516,65.7689348240876,10.3371497826356,14.18,01:05:46,,,,,,,,,,,,,,,
2025-07-18,Viernes,Río Guadiana N°9.211,Condominio privado Villa Portada de Fleming,2,340,M-J-S,Diurno,-33.4120,-70.53524,08:22:06,2.24814091850395,9.27126613751497,7.07529878929108,82.1154997508937,12.5852907011395,14.55,01:22:06,,,,,,,,,,,,,,,
2025-07-18,Viernes,Vital Apoquindo N°1.651,Fleming,5,340,M-J-S,Diurno,-33.4238,-70.52950,08:34:53,1.39941237792571,5.46281007789165,7.31893746326279,94.8972472920481,13.9847030790652,15.37,01:34:53,,,,,,,,,,,,,,,
2025-07-18,Viernes,Vital Apoquindo N°1.690,Villa El Bosque Norte,5,340,M-J-S,Diurno,-33.4250,-70.52955,08:45:17,0.916284934165351,4.70144045192796,5.68797349927704,105.286661243253,14.9009880132306,11.69,01:45:17,,,,,,,,,,,,,,,
2025-07-18,Viernes,Yolanda N°9.405,Villa La Escuela,39,340,M-J-S,Diurno,-33.4181,-70.53236,09:02:06,2.01835008524325,10.0958179357252,6.7316084667981,122.114087645776,16.9193380984738,12.00,02:02:06,,,,,,,,,,,,,,,
2025-07-18,Viernes,Alexander Fleming N°9.599,Villa El Bosque Sur,9,660,M-J-S,Diurno,-33.4229,-70.52955,09:14:25,2.30127835919036,6.86326400615761,5.45458481282408,134.431936464758,19.2206164576642,20.12,02:14:25,,,,,,,,,,,,,,,
2025-07-18,Viernes,Alexander Fleming N°9.609,Villa Las Condesas 1,1,660,M-J-S,Diurno,-33.4240,-70.52829,09:50:04,16.7166343300483,27.7875274988731,7.85019741404123,170.069661377672,35.9372507877124,36.10,02:50:04,,,,,,,,,,,,,,,
2025-07-18,Viernes,Alexander Fleming N°9.797,Villa Las Condesas 3,1,660,M-J-S,Diurno,-33.4240,-70.52694,15:00:00,2.89,8.788,4.602,13.39,2.89,19.73,#REF!,,,,,,,,,,,,,,,
2025-07-18,Viernes,Alexander Fleming N°9.809,Villa Las Condesas 4,1,660,M-J-S,Diurno,-33.4241,-70.52629,15:25:48,3.038,8.121,4.292,25.803,5.928,22.45,00:13:23,,,,,,,,,,,,,,,
2025-07-18,Viernes,General Blanche N°9.547,Condominio Privado,7,660,M-J-S,Diurno,-33.4065,-70.53390,15:39:50,3.281,9.246,4.786,39.835,9.209,21.29,00:39:50,,,,,,,,,,,,,,,
2025-07-18,Viernes,La Escuela N°1.336,Villa Vital Apoquindo,36,660,M-J-S,Diurno,-33.4193,-70.53224,15:53:06,3.007,8.957,4.32,53.112,12.216,20.14,00:53:06,,,,,,,,,,,,,,,
2025-07-18,Viernes,Paul Harris N°940,Condominio Privado,4,660,M-J-S,Diurno,-33.4142,-70.53457,16:07:00,3.197,8.874,5.02,67.006,15.413,21.62,01:07:00,,,,,,,,,,,,,,,
2025-07-18,Viernes,Vital Apoquindo N°1.380,Condominio Privado,2,660,M-J-S,Diurno,-33.4194,-70.52971,16:21:13,3.144,9.363,4.848,81.217,18.557,20.15,01:21:13,,,,,,,,,,,,,,,
2025-07-18,Viernes,Vital Apoquindo N°497,Condominio Privado,7,660,M-J-S,Diurno,-33.4088,-70.53313,16:34:05,3.224,8.111,4.763,94.091,21.781,23.85,01:34:05,,,,,,,,,,,,,,,
2025-07-18,Viernes,Yolanda N°9.405,Villa La Escuela,11,660,M-J-S,Diurno,-33.4181,-70.53236,16:48:19,3.081,9.466,4.767,108.324,24.862,19.53,01:48:19,,,,,,,,,,,,,,,
2025-07-18,Viernes,,,,,,,,,17:01:15,2.898,8.466,4.472,121.262,27.76,20.54,02:01:15,,,,,,,,,,,,,,,
2025-07-18,Viernes,Los Tuliperos,Seguridad Pública,1,660,L-M-V,Diurno,-33.382,-70.5063,17:14:31,3.25,8.439,4.82,134.521,31.01,23.11,02:14:31,,,,,,,,,,,,,,,
2025-07-18,Viernes,Carlos Peña Otaegui N°9.931,Condominio Particular,4,660,L-M-V,Diurno,-33.412,-70.5096,17:28:20,2.829,8.629,5.184,148.334,33.839,19.67,02:28:20,,,,,,,,,,,,,,,
2025-07-18,Viernes,Camino Otoñal N°1.157,Condominio Privado,2,660,L-M-V,Diurno,-33.3991999,-70.5194668,17:41:22,3.157,8.378,4.671,161.383,36.996,22.61,02:41:22,,,,,,,,,,,,,,,
2025-07-18,Viernes,Camino Mirasol N°1.352,Condominio Privado,1,660,L-M-V,Diurno,-33.3983309,-70.5287693,17:54:57,3.526,8.8,4.778,174.961,40.522,24.04,02:54:57,,,,,,,,,,,,,,,
2025-07-18,Viernes,Camino El Alba N° 9210,47 Comisaría,1,660,L-M-V,Diurno,-33.4039974,-70.5378362,18:08:59,2.981,9.534,4.494,188.989,43.503,18.76,03:08:59,,,,,,,,,,,,,,,
2025-07-18,Viernes,Cardenal Newman N°1.288,Condominio Privado,1,660,L-M-V,Diurno,-33.405599,-70.5404712,18:22:47,3.183,9.113,4.684,202.786,46.686,20.96,03:22:47,,,,,,,,,,,,,,,
2025-07-18,Viernes,Presidente Riesco N°9.621,Pasaje,1,660,L-M-V,Diurno,-33.3958703,-70.5565837,18:36:11,2.994,9.128,4.28,216.194,49.68,19.68,03:36:11,,,,,,,,,,,,,,,
2025-07-18,Viernes,Presidente Riesco N°9.655,Pasaje,1,660,L-M-V,Diurno,-33.3978134,-70.5631819,18:49:22,2.966,8.061,5.114,229.369,52.646,22.08,03:49:22,,,,,,,,,,,,,,,
2025-07-18,Viernes,Presidente Riesco N°9.681,Pasaje,1,660,L-M-V,Diurno,-33.4030495,-70.5705881,19:03:23,3.219,9.646,4.378,243.393,55.865,20.02,04:03:23,,,,,,,,,,,,,,,
2025-07-18,Viernes,Presidente Riesco N°9.543,Pasaje,1,660,L-M-V,Diurno,-33.4055,-70.5855,19:16:59,2.962,9.137,4.455,256.985,58.827,19.45,04:16:59,,,,,,,,,,,,,,,
2025-07-18,Viernes,Pte. Martin de Zamora N°8.740,Pasaje,1,660,L-M-V,Diurno,-33.4195452,-70.5777809,19:29:43,3.036,8.266,4.476,269.727,61.863,22.04,04:29:43,,,,,,,,,,,,,,,
2025-07-19,Sábado,Alcalde Guzmán Nº0180,Servicio de recogida de basura,0,0,L-M-V,Diurno,-33.371397,-70.7012239,19:43:40,2.924,9.3,4.645,283.672,64.787,18.86,04:43:40,,,,,,,,,,,,,,,
2025-07-20,Domingo,Alexander Fleming N°9609,Las Condesas 1,20,240,M-J-S,Diurno,-33.4240,-70.52829,19:58:03,3.176,9.201,5.177,298.05,67.963,20.71,04:58:03,,,,,,,,,,,,,,,
2025-07-21,Lunes,Alexander Fleming N°9695,Las Condesas 2,24,240,M-J-S,Diurno,-33.4240,-70.52769,07:00:00,3.269,9.263,4.76330167782444,4.76330167782444,0,21.17,00:04:45,,,,,,,,,,,,,,,
2025-07-21,Lunes,Alexander Fleming N°9797,Las Condesas 3,20,240,M-J-S,Diurno,-33.4240,-70.52694,07:23:37,4.65183022264594,11.8375685687217,7.02174850093391,23.62261874748,4.65183022264594,23.58,00:23:37,,,,,,,,,,,,,,,
2025-07-21,Lunes,Alexander Fleming N°9809,Las Condesas 4,20,240,M-J-S,Diurno,-33.4241,-70.52629,07:33:09,2.10074273159737,5.01163012468005,4.53189168755382,33.1661405597139,6.75257295424331,25.15,00:33:09,,,,,,,,,,,,,,,
2025-07-21,Lunes,Paul Harris Sur N°2111,Las Condesas 5,24,240,M-J-S,Diurno,-33.4241,-70.52608,07:45:11,1.67207422847226,5.53813835815971,6.48866253520318,45.1929414530768,8.42464718271557,18.12,00:45:11,,,,,,,,,,,,,,,
2025-07-21,Lunes,Paul Harris Sur N°1.312,Villa Barcelona,22,340,M-J-S,Diurno,-33.4190,-70.53286,07:54:22,1.48418593715903,3.96204674551714,5.22265685239396,54.3776450509879,9.9088331198746,22.48,00:54:22,,,,,,,,,,,,,,,
2025-07-21,Lunes,Río Guadiana N°9.211,Condominio privado Villa Portada de Fleming,2,340,M-J-S,Diurno,-33.4120,-70.53524,08:01:22,0.513050059394577,2.17877105700039,4.81901325321222,61.3754293612005,10.4218831792692,14.13,01:01:22,,,,,,,,,,,,,,,
2025-07-21,Lunes,Vital Apoquindo N°1.651,Fleming,5,340,M-J-S,Diurno,-33.4238,-70.52950,08:16:58,2.18414893919626,8.9183960984908,6.67686809923188,76.9706935589232,12.6060321184654,14.69,01:16:58,,,,,,,,,,,,,,,
2025-07-21,Lunes,Vital Apoquindo N°1.690,Villa El Bosque Norte,5,340,M-J-S,Diurno,-33.4250,-70.52955,08:28:26,1.38810596851796,5.90236501681947,5.57459543375629,88.4476540094989,13.9941380869834,14.11,01:28:26,,,,,,,,,,,,,,,
2025-07-21,Lunes,Yolanda N°9.405,Villa La Escuela,39,340,M-J-S,Diurno,-33.4181,-70.53236,08:36:28,0.874971800209297,3.19711105573449,4.82498775559431,96.4697528208278,14.8691098871927,16.42,01:36:28,,,,,,,,,,,,,,,
2025-07-21,Lunes,Alexander Fleming N°9.599,Villa El Bosque Sur,9,660,M-J-S,Diurno,-33.4229,-70.52955,08:54:50,2.00552976537816,10.910136089343,7.45481035717262,114.834699267343,16.8746396525708,11.03,01:54:50,,,,,,,,,,,,,,,
2025-07-21,Lunes,Alexander Fleming N°9.609,Villa Las Condesas 1,1,660,M-J-S,Diurno,-33.4240,-70.52829,09:07:59,2.27545393524035,7.45483678056028,5.69749465206791,127.987030699972,19.1500935878112,18.31,02:07:59,,,,,,,,,,,,,,,
2025-07-21,Lunes,Alexander Fleming N°9.797,Villa Las Condesas 3,1,660,M-J-S,Diurno,-33.4240,-70.52694,09:40:27,17.2462873581569,27.0052890998151,5.46540663252123,160.457726432308,36.3963809459681,38.32,02:40:27,,,,,,,,,,,,,,,
2025-07-21,Lunes,Alexander Fleming N°9.809,Villa Las Condesas 4,1,660,M-J-S,Diurno,-33.4241,-70.52629,15:00:00,2.983,8.308,4.588,12.896,2.983,21.54,00:12:53,,,,,,,,,,,,,,,
2025-07-21,Lunes,General Blanche N°9.547,Condominio Privado,7,660,M-J-S,Diurno,-33.4065,-70.53390,15:26:53,3.561,8.491,5.499,26.886,6.544,25.16,00:26:53,,,,,,,,,,,,,,,
2025-07-21,Lunes,La Escuela N°1.336,Villa Vital Apoquindo,36,660,M-J-S,Diurno,-33.4193,-70.53224,15:40:04,3.16,8.6,4.593,40.079,9.704,22.05,00:40:04,,,,,,,,,,,,,,,
2025-07-21,Lunes,Paul Harris N°940,Condominio Privado,4,660,M-J-S,Diurno,-33.4142,-70.53457,15:53:58,2.804,8.653,5.245,53.977,12.508,19.44,00:53:58,,,,,,,,,,,,,,,
2025-07-21,Lunes,Vital Apoquindo N°1.380,Condominio Privado,2,660,M-J-S,Diurno,-33.4194,-70.52971,16:07:47,3.145,9.067,4.745,67.789,15.653,20.81,01:07:47,,,,,,,,,,,,,,,
2025-07-21,Lunes,Vital Apoquindo N°497,Condominio Privado,7,660,M-J-S,Diurno,-33.4088,-70.53313,16:20:48,3.374,8.143,4.872,80.804,19.027,24.86,01:20:48,,,,,,,,,,,,,,,
2025-07-21,Lunes,Yolanda N°9.405,Villa La Escuela,11,660,M-J-S,Diurno,-33.4181,-70.53236,16:34:47,3.215,8.846,5.135,94.785,22.242,21.81,01:34:47,,,,,,,,,,,,,,,
2025-07-21,Lunes,,,,,,,,,16:46:54,2.783,7.78,4.338,106.903,25.025,21.46,01:46:54,,,,,,,,,,,,,,,
2025-07-21,Lunes,,,,,,,,,16:59:44,2.948,7.808,5.035,119.746,27.973,22.65,01:59:44,,,,,,,,,,,,,,,
2025-07-21,Lunes,Los Tuliperos,Seguridad Pública,1,660,L-M-V,Diurno,-33.382,-70.5063,17:13:36,3.13,9.107,4.762,133.615,31.103,20.62,02:13:36,,,,,,,,,,,,,,,
2025-07-21,Lunes,Carlos Peña Otaegui N°9.931,Condominio Particular,4,660,L-M-V,Diurno,-33.412,-70.5096,17:26:38,3.381,8.34,4.689,146.644,34.484,24.32,02:26:38,,,,,,,,,,,,,,,
2025-07-21,Lunes,Camino Otoñal N°1.157,Condominio Privado,2,660,L-M-V,Diurno,-33.3991999,-70.5194668,17:39:08,3.004,7.764,4.739,159.147,37.488,23.21,02:39:08,,,,,,,,,,,,,,,
2025-07-21,Lunes,Camino Mirasol N°1.352,Condominio Privado,1,660,L-M-V,Diurno,-33.3983309,-70.5287693,17:52:46,3.36,8.626,4.998,172.771,40.848,23.37,02:52:46,,,,,,,,,,,,,,,
2025-07-21,Lunes,Camino El Alba N° 9210,47 Comisaría,1,660,L-M-V,Diurno,-33.4039974,-70.5378362,18:06:54,3.47,8.806,5.329,186.906,44.318,23.64,03:06:54,,,,,,,,,,,,,,,
2025-07-21,Lunes,Cardenal Newman N°1.288,Condominio Privado,1,660,L-M-V,Diurno,-33.405599,-70.5404712,18:19:11,3.214,7.888,4.404,199.198,47.532,24.45,03:19:11,,,,,,,,,,,,,,,
2025-07-21,Lunes,Presidente Riesco N°9.621,Pasaje,1,660,L-M-V,Diurno,-33.3958703,-70.5565837,18:32:15,3.127,7.996,5.061,212.255,50.659,23.46,03:32:15,,,,,,,,,,,,,,,
2025-07-21,Lunes,Presidente Riesco N°9.655,Pasaje,1,660,L-M-V,Diurno,-33.3978134,-70.5631819,18:46:35,2.873,9.248,5.092,226.595,53.532,18.64,03:46:35,,,,,,,,,,,,,,,
2025-07-21,Lunes,Presidente Riesco N°9.681,Pasaje,1,660,L-M-V,Diurno,-33.4030495,-70.5705881,19:00:01,3.078,8.353,5.077,240.025,56.61,22.11,04:00:01,,,,,,,,,,,,,,,
2025-07-21,Lunes,Presidente Riesco N°9.543,Pasaje,1,660,L-M-V,Diurno,-33.4055,-70.5855,19:14:04,3.151,8.653,5.398,254.076,59.761,21.85,04:14:04,,,,,,,,,,,,,,,
2025-07-21,Lunes,Pte. Martin de Zamora N°8.740,Pasaje,1,660,L-M-V,Diurno,-33.4195452,-70.5777809,19:27:28,2.903,8.81,4.584,267.47,62.664,19.77,04:27:28,,,,,,,,,,,,,,,
2025-07-22,Martes,Alcalde Guzmán Nº0180,Servicio de recogida de basura,0,0,L-M-V,Diurno,-33.371397,-70.7012239,19:41:39,3.338,9.176,5.014,281.66,66.002,21.83,04:41:39,,,,,,,,,,,,,,,
2025-07-23,Miércoles,Alexander Fleming N°9609,Las Condesas 1,20,240,M-J-S,Diurno,-33.4240,-70.52829,07:00:00,2.996,8.681,6.53177415749219,6.53177415749219,0,20.71,00:06:31,,,,,,,,,,,,,,,
2025-07-23,Miércoles,Alexander Fleming N°9695,Las Condesas 2,24,240,M-J-S,Diurno,-33.4240,-70.52769,07:27:09,4.69171727499548,12.9031126667542,7.72018055112173,27.1550673753682,4.69171727499548,21.82,00:27:09,,,,,,,,,,,,,,,
2025-07-23,Miércoles,Alexander Fleming N°9797,Las Condesas 3,20,240,M-J-S,Diurno,-33.4240,-70.52694,07:36:55,2.04913920472281,5.19974748188613,4.57412050884763,36.9289353661019,6.74085647971829,23.65,00:36:55,,,,,,,,,,,,,,,
2025-07-23,Miércoles,Alexander Fleming N°9809,Las Condesas 4,20,240,M-J-S,Diurno,-33.4241,-70.52629,07:45:47,1.68302738946368,4.14627865238923,4.71246707016181,45.787681088653,8.42388386918197,24.35,00:45:47,,,,,,,,,,,,,,,
2025-07-23,Miércoles,Paul Harris Sur N°2111,Las Condesas 5,24,240,M-J-S,Diurno,-33.4241,-70.52608,07:56:40,1.49994761983773,5.82038857934788,5.0633042594013,56.6713739274021,9.9238314890197,15.46,00:56:40,,,,,,,,,,,,,,,
2025-07-23,Miércoles,Paul Harris Sur N°1.312,Villa Barcelona,22,340,M-J-S,Diurno,-33.4190,-70.53286,08:04:14,0.49665518476452,1.83483081587441,5.72825548638281,64.2344602296593,10.4204866737842,16.24,01:04:14,,,,,,,,,,,,,,,
2025-07-23,Miércoles,Río Guadiana N°9.211,Condominio privado Villa Portada de Fleming,2,340,M-J-S,Diurno,-33.4120,-70.53524,08:18:07,2.21154644381256,8.59836317742927,5.29318936244579,78.1260127695344,12.6320331175968,15.43,01:18:07,,,,,,,,,,,,,,,
2025-07-23,Miércoles,Vital Apoquindo N°1.651,Fleming,5,340,M-J-S,Diurno,-33.4238,-70.52950,08:29:58,1.41949505315545,6.28725561743734,5.56628116017475,89.9795495471465,14.0515281707522,13.55,01:29:58,,,,,,,,,,,,,,,
2025-07-23,Miércoles,Vital Apoquindo N°1.690,Villa El Bosque Norte,5,340,M-J-S,Diurno,-33.4250,-70.52955,08:40:38,0.885502151641532,2.8529769255504,7.81394712015473,100.646473592852,14.9370303223938,18.62,01:40:38,,,,,,,,,,,,,,,
2025-07-23,Miércoles,Yolanda N°9.405,Villa La Escuela,39,340,M-J-S,Diurno,-33.4181,-70.53236,08:55:51,1.96999478175762,10.2307622529064,4.9798345029326,115.857070348691,16.9070251041514,11.55,01:55:51,,,,,,,,,,,,,,,
2025-07-23,Miércoles,Alexander Fleming N°9.599,Villa El Bosque Sur,9,660,M-J-S,Diurno,-33.4229,-70.52955,09:09:13,2.35965111336493,6.9271001108391,6.44108936621359,129.225259825743,19.2666762175163,20.44,02:09:13,,,,,,,,,,,,,,,
2025-07-23,Miércoles,Alexander Fleming N°9.609,Villa Las Condesas 1,1,660,M-J-S,Diurno,-33.4240,-70.52829,09:44:55,16.5149711113058,30.2574573991439,5.44491835151957,164.927635576407,35.7816473288221,32.75,02:44:55,,,,,,,,,,,,,,,
2025-07-23,Miércoles,Alexander Fleming N°9.797,Villa Las Condesas 3,1,660,M-J-S,Diurno,-33.4240,-70.52694,15:00:00,2.98,8.154,5.04,13.194,2.98,21.93,00:13:11,,,,,,,,,,,,,,,
2025-07-23,Miércoles,Alexander Fleming N°9.809,Villa Las Condesas 4,1,660,M-J-S,Diurno,-33.4241,-70.52629,15:26:02,3.149,8.065,4.785,26.044,6.129,23.43,00:26:02,,,,,,,,,,,,,,,
2025-07-23,Miércoles,General Blanche N°9.547,Condominio Privado,7,660,M-J-S,Diurno,-33.4065,-70.53390,15:39:03,3.329,8.004,5.016,39.064,9.458,24.96,00:39:03,,,,,,,,,,,,,,,
2025-07-23,Miércoles,La Escuela N°1.336,Villa Vital Apoquindo,36,660,M-J-S,Diurno,-33.4193,-70.53224,15:52:06,2.756,8.238,4.813,52.115,12.214,20.07,00:52:06,,,,,,,,,,,,,,,
2025-07-23,Miércoles,Paul Harris N°940,Condominio Privado,4,660,M-J-S,Diurno,-33.4142,-70.53457,16:06:20,3.074,9.005,5.214,66.334,15.288,20.48,01:06:20,,,,,,,,,,,,,,,
2025-07-23,Miércoles,Vital Apoquindo N°1.380,Condominio Privado,2,660,M-J-S,Diurno,-33.4194,-70.52971,16:19:53,3.071,8.46,5.094,79.888,18.359,21.78,01:19:53,,,,,,,,,,,,,,,
2025-07-23,Miércoles,Vital Apoquindo N°497,Condominio Privado,7,660,M-J-S,Diurno,-33.4088,-70.53313,16:33:10,3.254,8.056,5.231,93.175,21.613,24.24,01:33:10,,,,,,,,,,,,,,,
2025-07-23,Miércoles,Yolanda N°9.405,Villa La Escuela,11,660,M-J-S,Diurno,-33.4181,-70.53236,16:46:22,3.476,8.069,5.133,106.377,25.089,25.85,01:46:22,,,,,,,,,,,,,,,
2025-07-23,Miércoles,,,,,,,,,16:58:17,2.986,7.724,4.197,118.298,28.075,23.20,01:58:17,,,,,,,,,,,,,,,
2025-07-23,Miércoles,Los Tuliperos,Seguridad Pública,1,660,L-M-V,Diurno,-33.382,-70.5063,17:10:36,2.969,7.717,4.586,130.601,31.044,23.08,02:10:36,,,,,,,,,,,,,,,
2025-07-23,Miércoles,Carlos Peña Otaegui N°9.931,Condominio Particular,4,660,L-M-V,Diurno,-33.412,-70.5096,17:24:50,2.951,9.448,4.787,144.836,33.995,18.74,02:24:50,,,,,,,,,,,,,,,
2025-07-23,Miércoles,Camino Otoñal N°1.157,Condominio Privado,2,660,L-M-V,Diurno,-33.3991999,-70.5194668,17:38:05,2.832,7.889,5.369,158.094,36.827,21.54,02:38:05,,,,,,,,,,,,,,,
2025-07-23,Miércoles,Camino Mirasol N°1.352,Condominio Privado,1,660,L-M-V,Diurno,-33.3983309,-70.5287693,17:51:46,3.374,9.373,4.311,171.778,40.201,21.60,02:51:46,,,,,,,,,,,,,,,
2025-07-23,Miércoles,Camino El Alba N° 9210,47 Comisaría,1,660,L-M-V,Diurno,-33.4039974,-70.5378362,18:04:38,2.937,8.368,4.49,184.636,43.138,21.06,03:04:38,,,,,,,,,,,,,,,
2025-07-23,Miércoles,Cardenal Newman N°1.288,Condominio Privado,1,660,L-M-V,Diurno,-33.405599,-70.5404712,18:17:55,3.023,8.404,4.881,197.921,46.161,21.58,03:17:55,,,,,,,,,,,,,,,
2025-07-23,Miércoles,Presidente Riesco N°9.621,Pasaje,1,660,L-M-V,Diurno,-33.3958703,-70.5565837,18:30:17,2.975,7.772,4.603,210.296,49.136,22.97,03:30:17,,,,,,,,,,,,,,,
2025-07-23,Miércoles,Presidente Riesco N°9.655,Pasaje,1,660,L-M-V,Diurno,-33.3978134,-70.5631819,18:43:32,2.816,8.608,4.632,223.536,51.952,19.63,03:43:32,,,,,,,,,,,,,,,
2025-07-23,Miércoles,Presidente Riesco N°9.681,Pasaje,1,660,L-M-V,Diurno,-33.4030495,-70.5705881,18:57:29,2.875,9.111,4.845,237.492,54.827,18.93,03:57:29,,,,,,,,,,,,,,,
2025-07-23,Miércoles,Presidente Riesco N°9.543,Pasaje,1,660,L-M-V,Diurno,-33.4055,-70.5855,19:11:37,2.909,9.512,4.626,251.63,57.736,18.35,04:11:37,,,,,,,,,,,,,,,
2025-07-23,Miércoles,Pte. Martin de Zamora N°8.740,Pasaje,1,660,L-M-V,Diurno,-33.4195452,-70.5777809,19:25:10,2.92,8.78,4.766,265.176,60.656,19.95,04:25:10,,,,,,,,,,,,,,,
2025-07-24,Jueves,Alcalde Guzmán Nº0180,Servicio de recogida de basura,0,0,L-M-V,Diurno,-33.371397,-70.7012239,19:38:39,3.192,8.856,4.626,278.658,63.848,21.63,04:38:39,,,,,,,,,,,,,,,
2025-07-25,Viernes,Alexander Fleming N°9609,Las Condesas 1,20,240,M-J-S,Diurno,-33.4240,-70.52829,07:00:00,3.42,8.332,7.22925524113308,7.22925524113308,0,24.63,00:07:13,,,,,,,,,,,,,,,
2025-07-25,Viernes,Alexander Fleming N°9695,Las Condesas 2,24,240,M-J-S,Diurno,-33.4240,-70.52769,07:25:26,4.73302602113616,11.3281410529234,6.87776131142111,25.4351576054776,4.73302602113616,25.07,00:25:26,,,,,,,,,,,,,,,
2025-07-25,Viernes,Alexander Fleming N°9797,Las Condesas 3,20,240,M-J-S,Diurno,-33.4240,-70.52694,07:38:24,2.1541389633334,5.4868852620658,7.49179299808977,38.4138358656331,6.88716498446956,23.56,00:38:24,,,,,,,,,,,,,,,
2025-07-25,Viernes,Alexander Fleming N°9809,Las Condesas 4,20,240,M-J-S,Diurno,-33.4241,-70.52629,07:48:45,1.68798463439818,4.15121373494065,6.18580302795559,48.7508526285294,8.57514961886774,24.40,00:48:45,,,,,,,,,,,,,,,
2025-07-25,Viernes,Paul Harris Sur N°2111,Las Condesas 5,24,240,M-J-S,Diurno,-33.4241,-70.52608,08:00:57,1.47122430735632,5.22425276351467,6.97852728441827,60.9536326764623,10.0463739262241,16.90,01:00:57,,,,,,,,,,,,,,,
2025-07-25,Viernes,Paul Harris Sur N°1.312,Villa Barcelona,22,340,M-J-S,Diurno,-33.4190,-70.53286,08:08:28,0.508238677144376,2.08951876066188,5.43451395261928,68.4776653897435,10.5546126033684,14.59,01:08:28,,,,,,,,,,,,,,,
2025-07-25,Viernes,Río Guadiana N°9.211,Condominio privado Villa Portada de Fleming,2,340,M-J-S,Diurno,-33.4120,-70.53524,08:22:50,2.25192585953421,8.94206014823893,5.41940295004268,82.8391284880251,12.8065384629027,15.11,01:22:50,,,,,,,,,,,,,,,
2025-07-25,Viernes,Vital Apoquindo N°1.651,Fleming,5,340,M-J-S,Diurno,-33.4238,-70.52950,08:35:33,1.36295347052997,6.28518559843874,6.43338255233036,95.5576966387942,14.1694919334326,13.01,01:35:33,,,,,,,,,,,,,,,
2025-07-25,Viernes,Vital Apoquindo N°1.690,Villa El Bosque Norte,5,340,M-J-S,Diurno,-33.4250,-70.52955,08:44:12,0.893091355328293,3.28345701807669,5.3596236009912,104.200777257862,15.0625832887609,16.32,01:44:12,,,,,,,,,,,,,,,
2025-07-25,Viernes,Yolanda N°9.405,Villa La Escuela,39,340,M-J-S,Diurno,-33.4181,-70.53236,09:05:14,1.99017109128038,13.1516056920965,7.88640684626714,125.238789796226,17.0527543800413,9.08,02:05:14,,,,,,,,,,,,,,,
2025-07-25,Viernes,Alexander Fleming N°9.599,Villa El Bosque Sur,9,660,M-J-S,Diurno,-33.4229,-70.52955,09:19:23,2.28077607066194,8.11654959491333,6.02904243809891,139.384381829238,19.3335304507032,16.86,02:19:23,,,,,,,,,,,,,,,
2025-07-25,Viernes,Alexander Fleming N°9.609,Villa Las Condesas 1,1,660,M-J-S,Diurno,-33.4240,-70.52829,09:57:49,16.5838802979517,31.6799298721862,6.76198958951794,177.826301290942,35.9174107486549,31.41,02:57:49,,,,,,,,,,,,,,,
2025-07-25,Viernes,Alexander Fleming N°9.797,Villa Las Condesas 3,1,660,M-J-S,Diurno,-33.4240,-70.52694,15:00:00,3.156,9.493,5.026,14.519,3.156,19.95,00:14:31,,,,,,,,,,,,,,,
2025-07-25,Viernes,Alexander Fleming N°9.809,Villa Las Condesas 4,1,660,M-J-S,Diurno,-33.4241,-70.52629,15:28:55,3.078,9.244,5.162,28.925,6.234,19.98,00:28:55,,,,,,,,,,,,,,,
2025-07-25,Viernes,General Blanche N°9.547,Condominio Privado,7,660,M-J-S,Diurno,-33.4065,-70.53390,15:42:43,2.947,8.513,5.281,42.719,9.181,20.77,00:42:43,,,,,,,,,,,,,,,
2025-07-25,Viernes,La Escuela N°1.336,Villa Vital Apoquindo,36,660,M-J-S,Diurno,-33.4193,-70.53224,15:55:44,2.819,7.868,5.153,55.74,12,21.50,00:55:44,,,,,,,,,,,,,,,
2025-07-25,Viernes,Paul Harris N°940,Condominio Privado,4,660,M-J-S,Diurno,-33.4142,-70.53457,16:09:50,3.403,9.132,4.972,69.844,15.403,22.36,01:09:50,,,,,,,,,,,,,,,
2025-07-25,Viernes,Vital Apoquindo N°1.380,Condominio Privado,2,660,M-J-S,Diurno,-33.4194,-70.52971,16:23:20,3.506,8.007,5.488,83.339,18.909,26.27,01:23:20,,,,,,,,,,,,,,,
2025-07-25,Viernes,Vital Apoquindo N°497,Condominio Privado,7,660,M-J-S,Diurno,-33.4088,-70.53313,16:36:27,2.834,8.181,4.94,96.46,21.743,20.78,01:36:27,,,,,,,,,,,,,,,
2025-07-25,Viernes,Yolanda N°9.405,Villa La Escuela,11,660,M-J-S,Diurno,-33.4181,-70.53236,16:49:29,3.21,7.975,5.055,109.49,24.953,24.15,01:49:29,,,,,,,,,,,,,,,
2025-07-25,Viernes,,,,,,,,,17:03:56,3.239,9.451,4.997,123.938,28.192,20.56,02:03:56,,,,,,,,,,,,,,,
2025-07-25,Viernes,Los Tuliperos,Seguridad Pública,1,660,L-M-V,Diurno,-33.382,-70.5063,17:17:16,3.155,8.234,5.11,137.282,31.347,22.99,02:17:16,,,,,,,,,,,,,,,
2025-07-25,Viernes,Carlos Peña Otaegui N°9.931,Condominio Particular,4,660,L-M-V,Diurno,-33.412,-70.5096,17:31:08,3.243,9.037,4.827,151.146,34.59,21.53,02:31:08,,,,,,,,,,,,,,,
2025-07-25,Viernes,Camino Otoñal N°1.157,Condominio Privado,2,660,L-M-V,Diurno,-33.3991999,-70.5194668,17:44:53,3.277,9.151,4.592,164.889,37.867,21.49,02:44:53,,,,,,,,,,,,,,,
2025-07-25,Viernes,Camino Mirasol N°1.352,Condominio Privado,1,660,L-M-V,Diurno,-33.3983309,-70.5287693,17:57:17,3.555,7.666,4.736,177.291,41.422,27.82,02:57:17,,,,,,,,,,,,,,,
2025-07-25,Viernes,Camino El Alba N° 9210,47 Comisaría,1,660,L-M-V,Diurno,-33.4039974,-70.5378362,18:11:06,2.861,8.961,4.862,191.114,44.283,19.16,03:11:06,,,,,,,,,,,,,,,
2025-07-25,Viernes,Cardenal Newman N°1.288,Condominio Privado,1,660,L-M-V,Diurno,-33.405599,-70.5404712,18:23:54,3.38,8.309,4.489,203.912,47.663,24.41,03:23:54,,,,,,,,,,,,,,,
2025-07-25,Viernes,Presidente Riesco N°9.621,Pasaje,1,660,L-M-V,Diurno,-33.3958703,-70.5565837,18:37:16,3.013,9.101,4.262,217.275,50.676,19.86,03:37:16,,,,,,,,,,,,,,,
2025-07-25,Viernes,Presidente Riesco N°9.655,Pasaje,1,660,L-M-V,Diurno,-33.3978134,-70.5631819,18:50:54,2.929,8.044,5.586,230.905,53.605,21.85,03:50:54,,,,,,,,,,,,,,,
2025-07-25,Viernes,Presidente Riesco N°9.681,Pasaje,1,660,L-M-V,Diurno,-33.4030495,-70.5705881,19:05:35,3.269,9.305,5.383,245.593,56.874,21.08,04:05:35,,,,,,,,,,,,,,,
2025-07-25,Viernes,Presidente Riesco N°9.543,Pasaje,1,660,L-M-V,Diurno,-33.4055,-70.5855,19:19:59,3.342,9.591,4.806,259.99,60.216,20.91,04:19:59,,,,,,,,,,,,,,,
2025-07-25,Viernes,Pte. Martin de Zamora N°8.740,Pasaje,1,660,L-M-V,Diurno,-33.4195452,-70.5777809,19:33:13,3.32,8.561,4.668,273.219,63.536,23.27,04:33:13,,,,,,,,,,,,,,,
2025-07-26,Sábado,Alcalde Guzmán Nº0180,Servicio de recogida de basura,0,0,L-M-V,Diurno,-33.371397,-70.7012239,19:47:17,3.378,9.567,4.5,287.286,66.914,21.19,04:47:17,,,,,,,,,,,,,,,
2025-07-27,Domingo,Alexander Fleming N°9609,Las Condesas 1,20,240,M-J-S,Diurno,-33.4240,-70.52829,19:59:50,3.224,7.766,4.784,299.836,70.138,24.91,04:59:50,,,,,,,,,,,,,,,
2025-07-28,Lunes,Alexander Fleming N°9695,Las Condesas 2,24,240,M-J-S,Diurno,-33.4240,-70.52769,07:00:00,3.188,9.408,4.02970273717004,4.02970273717004,0,20.33,00:04:01,,,,,,,,,,,,,,,
2025-07-28,Lunes,Alexander Fleming N°9797,Las Condesas 3,20,240,M-J-S,Diurno,-33.4240,-70.52694,07:25:21,4.51882924975134,13.73563009648,7.59060880905956,25.3559416427096,4.51882924975134,19.74,00:25:21,,,,,,,,,,,,,,,
2025-07-28,Lunes,Alexander Fleming N°9809,Las Condesas 4,20,240,M-J-S,Diurno,-33.4241,-70.52629,07:38:39,2.12322878477745,5.87735347822659,7.42985315011069,38.6631482710468,6.64205803452879,21.68,00:38:39,,,,,,,,,,,,,,,
2025-07-28,Lunes,Paul Harris Sur N°2111,Las Condesas 5,24,240,M-J-S,Diurno,-33.4241,-70.52608,07:49:45,1.68173044862881,3.91790046597441,7.17469469993194,49.7557434369532,8.3237884831576,25.75,00:49:45,,,,,,,,,,,,,,,
2025-07-28,Lunes,Paul Harris Sur N°1.312,Villa Barcelona,22,340,M-J-S,Diurno,-33.4190,-70.53286,07:58:07,1.50087493009421,4.27223107314286,4.09648747539458,58.1244619854906,9.82466341325181,21.08,00:58:07,,,,,,,,,,,,,,,
2025-07-28,Lunes,Río Guadiana N°9.211,Condominio privado Villa Portada de Fleming,2,340,M-J-S,Diurno,-33.4120,-70.53524,08:05:38,0.491438160005529,2.12285403431264,5.38726836339736,65.6345843832006,10.3161015732573,13.89,01:05:38,,,,,,,,,,,,,,,
2025-07-28,Lunes,Vital Apoquindo N°1.651,Fleming,5,340,M-J-S,Diurno,-33.4238,-70.52950,08:21:58,2.22309545224037,9.53868170933552,6.80072951471185,81.973995607248,12.5391970254977,13.98,01:21:58,,,,,,,,,,,,,,,
2025-07-28,Lunes,Vital Apoquindo N°1.690,Villa El Bosque Norte,5,340,M-J-S,Diurno,-33.4250,-70.52955,08:33:22,1.40273509437994,5.73722585160203,5.65626877694595,93.367490235796,13.9419321198777,14.67,01:33:22,,,,,,,,,,,,,,,
2025-07-28,Lunes,Yolanda N°9.405,Villa La Escuela,39,340,M-J-S,Diurno,-33.4181,-70.53236,08:43:37,0.891403637721054,3.01862869476368,7.2333863907543,103.619505321314,14.8333357575987,17.72,01:43:37,,,,,,,,,,,,,,,
2025-07-28,Lunes,Alexander Fleming N°9.599,Villa El Bosque Sur,9,660,M-J-S,Diurno,-33.4229,-70.52955,09:03:05,1.94813047946114,11.5631094472964,7.91509101481694,123.097705783427,16.7814662370598,10.11,02:03:05,,,,,,,,,,,,,,,
2025-07-28,Lunes,Alexander Fleming N°9.609,Villa Las Condesas 1,1,660,M-J-S,Diurno,-33.4240,-70.52829,09:17:15,2.27432612675333,7.57996261254681,6.58337737049102,137.261045766465,19.0557923638132,18.00,02:17:15,,,,,,,,,,,,,,,
2025-07-28,Lunes,Alexander Fleming N°9.797,Villa Las Condesas 3,1,660,M-J-S,Diurno,-33.4240,-70.52694,09:54:51,16.5581122557425,31.4263455246221,6.16753176557283,174.85492305666,35.6139046195557,31.61,02:54:51,,,,,,,,,,,,,,,
2025-07-28,Lunes,Alexander Fleming N°9.809,Villa Las Condesas 4,1,660,M-J-S,Diurno,-33.4241,-70.52629,15:00:00,3.082,9.385,4.6,13.985,3.082,19.70,00:13:59,,,,,,,,,,,,,,,
2025-07-28,Lunes,General Blanche N°9.547,Condominio Privado,7,660,M-J-S,Diurno,-33.4065,-70.53390,15:27:26,3.076,8.774,4.688,27.447,3.076,21.03,00:27:26,,,,,,,,,,,,,,,
2025-07-28,Lunes,La Escuela N°1.336,Villa Vital Apoquindo,36,660,M-J-S,Diurno,-33.4193,-70.53224,15:42:18,2.903,9.599,5.263,42.309,2.903,18.15,00:42:18,,,,,,,,,,,,,,,
2025-07-28,Lunes,Paul Harris N°940,Condominio Privado,4,660,M-J-S,Diurno,-33.4142,-70.53457,15:55:48,2.986,9.137,4.358,55.804,2.986,19.61,00:55:48,,,,,,,,,,,,,,,
2025-07-28,Lunes,Vital Apoquindo N°1.380,Condominio Privado,2,660,M-J-S,Diurno,-33.4194,-70.52971,16:09:11,3.131,8.488,4.896,69.188,3.131,22.13,01:09:11,,,,,,,,,,,,,,,
2025-07-28,Lunes,Vital Apoquindo N°497,Condominio Privado,7,660,M-J-S,Diurno,-33.4088,-70.53313,16:22:12,3.401,8.071,4.956,82.215,3.401,25.28,01:22:12,,,,,,,,,,,,,,,
2025-07-28,Lunes,Yolanda N°9.405,Villa La Escuela,11,660,M-J-S,Diurno,-33.4181,-70.53236,16:35:11,3.382,8.417,4.567,95.199,3.382,24.11,01:35:11,,,,,,,,,,,,,,,
2025-07-28,Lunes,,,,,,,,,16:49:27,2.931,9.341,4.924,109.464,2.931,18.83,01:49:27,,,,,,,,,,,,,,,
2025-07-28,Lunes,,,,,,,,,17:03:05,3.09,8.647,4.985,123.096,3.09,21.44,02:03:05,,,,,,,,,,,,,,,
2025-07-28,Lunes,Los Tuliperos,Seguridad Pública,1,660,L-M-V,Diurno,-33.382,-70.5063,17:17:27,3.083,8.947,5.415,137.458,3.083,20.68,02:17:27,,,,,,,,,,,,,,,
2025-07-28,Lunes,Carlos Peña Otaegui N°9.931,Condominio Particular,4,660,L-M-V,Diurno,-33.412,-70.5096,17:31:03,3.267,8.279,5.323,151.06,3.267,23.68,02:31:03,,,,,,,,,,,,,,,
2025-07-28,Lunes,Camino Otoñal N°1.157,Condominio Privado,2,660,L-M-V,Diurno,-33.3991999,-70.5194668,17:44:42,2.871,8.597,5.05,164.707,2.871,20.04,02:44:42,,,,,,,,,,,,,,,
2025-07-28,Lunes,Camino Mirasol N°1.352,Condominio Privado,1,660,L-M-V,Diurno,-33.3983309,-70.5287693,17:57:57,3.004,8.184,5.067,177.958,3.004,22.02,02:57:57,,,,,,,,,,,,,,,
2025-07-28,Lunes,Camino El Alba N° 9210,47 Comisaría,1,660,L-M-V,Diurno,-33.4039974,-70.5378362,18:11:48,2.903,8.705,5.149,191.812,2.903,20.01,03:11:48,,,,,,,,,,,,,,,
2025-07-28,Lunes,Cardenal Newman N°1.288,Condominio Privado,1,660,L-M-V,Diurno,-33.405599,-70.5404712,18:25:43,3.345,8.908,5.01,205.73,3.345,22.53,03:25:43,,,,,,,,,,,,,,,
2025-07-28,Lunes,Presidente Riesco N°9.621,Pasaje,1,660,L-M-V,Diurno,-33.3958703,-70.5565837,18:39:25,3.113,8.56,5.134,219.424,3.113,21.82,03:39:25,,,,,,,,,,,,,,,
2025-07-28,Lunes,Presidente Riesco N°9.655,Pasaje,1,660,L-M-V,Diurno,-33.3978134,-70.5631819,18:53:00,2.805,8.483,5.107,233.014,2.805,19.84,03:53:00,,,,,,,,,,,,,,,
2025-07-28,Lunes,Presidente Riesco N°9.681,Pasaje,1,660,L-M-V,Diurno,-33.4030495,-70.5705881,19:06:49,3.422,8.569,5.242,246.825,3.422,23.96,04:06:49,,,,,,,,,,,,,,,
2025-07-28,Lunes,Presidente Riesco N°9.543,Pasaje,1,660,L-M-V,Diurno,-33.4055,-70.5855,19:21:07,3.221,9.163,5.14,261.128,3.221,21.09,04:21:07,,,,,,,,,,,,,,,
2025-07-28,Lunes,Pte. Martin de Zamora N°8.740,Pasaje,1,660,L-M-V,Diurno,-33.4195452,-70.5777809,19:35:24,3.102,9.943,4.332,275.403,3.102,18.72,04:35:24,,,,,,,,,,,,,,,
2025-07-29,Martes,Alcalde Guzmán Nº0180,Servicio de recogida de basura,0,0,L-M-V,Diurno,-33.371397,-70.7012239,19:48:20,3.011,8.212,4.724,288.339,3.011,22.00,04:48:20,,,,,,,,,,,,,,,
2025-07-30,Miércoles,Alexander Fleming N°9609,Las Condesas 1,20,240,M-J-S,Diurno,-33.4240,-70.52829,07:00:00,2.81,7.935,4.42540575850726,4.42540575850726,0,21.25,00:04:25,,,,,,,,,,,,,,,
2025-07-30,Miércoles,Alexander Fleming N°9695,Las Condesas 2,24,240,M-J-S,Diurno,-33.4240,-70.52769,07:21:08,4.64535871861093,12.4848599573328,4.23361619024942,21.1438819060895,4.64535871861093,22.32,00:21:08,,,,,,,,,,,,,,,
2025-07-30,Miércoles,Alexander Fleming N°9797,Las Condesas 3,20,240,M-J-S,Diurno,-33.4240,-70.52694,07:30:32,2.04429903995405,5.17860383259188,4.21811397752392,30.5405997162053,6.68965775856498,23.69,00:30:32,,,,,,,,,,,,,,,
2025-07-30,Miércoles,Alexander Fleming N°9809,Las Condesas 4,20,240,M-J-S,Diurno,-33.4241,-70.52629,07:39:12,1.70630141597668,4.50008692785515,4.16299817401426,39.2036848180747,8.39595917454166,22.75,00:39:12,,,,,,,,,,,,,,,
2025-07-30,Miércoles,Paul Harris Sur N°2111,Las Condesas 5,24,240,M-J-S,Diurno,-33.4241,-70.52608,07:49:31,1.50903179530278,4.29249399583348,6.02550347380056,49.5216822877087,9.90499096984444,21.09,00:49:31,,,,,,,,,,,,,,,
2025-07-30,Miércoles,Paul Harris Sur N°1.312,Villa Barcelona,22,340,M-J-S,Diurno,-33.4190,-70.53286,07:58:46,0.498683242457252,2.89415818457539,6.36389556750613,58.7797360397902,10.4036742123017,10.34,00:58:46,,,,,,,,,,,,,,,
2025-07-30,Miércoles,Río Guadiana N°9.211,Condominio privado Villa Portada de Fleming,2,340,M-J-S,Diurno,-33.4120,-70.53524,08:13:56,2.19959341336319,8.26298323693161,6.90507377783145,73.9477930545533,12.6032676256649,15.97,01:13:56,,,,,,,,,,,,,,,
2025-07-30,Miércoles,Vital Apoquindo N°1.651,Fleming,5,340,M-J-S,Diurno,-33.4238,-70.52950,08:23:39,1.40142390847584,5.69560548643159,4.01005564014211,83.653454181127,14.0046915341407,14.76,01:23:39,,,,,,,,,,,,,,,
2025-07-30,Miércoles,Vital Apoquindo N°1.690,Villa El Bosque Norte,5,340,M-J-S,Diurno,-33.4250,-70.52955,08:31:40,0.903884522326658,3.13816486526009,4.88758997663521,91.6792090230223,14.9085760564674,17.28,01:31:40,,,,,,,,,,,,,,,
2025-07-30,Miércoles,Yolanda N°9.405,Villa La Escuela,39,340,M-J-S,Diurno,-33.4181,-70.53236,08:51:18,1.9471964021243,12.9533979787507,6.67758383686814,111.310190838641,16.8557724585917,9.02,01:51:18,,,,,,,,,,,,,,,
2025-07-30,Miércoles,Alexander Fleming N°9.599,Villa El Bosque Sur,9,660,M-J-S,Diurno,-33.4229,-70.52955,09:05:43,2.31518888932514,8.12700033008535,6.28092899515609,125.718120163883,19.1709613479168,17.09,02:05:43,,,,,,,,,,,,,,,
2025-07-30,Miércoles,Alexander Fleming N°9.609,Villa Las Condesas 1,1,660,M-J-S,Diurno,-33.4240,-70.52829,09:42:20,16.830031613983,31.8315683666091,4.78599636517582,162.335684895667,36.0009929618998,31.72,02:42:20,,,,,,,,,,,,,,,
2025-07-30,Miércoles,Alexander Fleming N°9.797,Villa Las Condesas 3,1,660,M-J-S,Diurno,-33.4240,-70.52694,15:00:00,3.16,8.469,5.231,13.7,3.16,22.39,00:13:42,,,,,,,,,,,,,,,
2025-07-30,Miércoles,Alexander Fleming N°9.809,Villa Las Condesas 4,1,660,M-J-S,Diurno,-33.4241,-70.52629,15:27:32,2.8,8.586,5.262,27.548,5.96,19.57,00:27:32,,,,,,,,,,,,,,,
2025-07-30,Miércoles,General Blanche N°9.547,Condominio Privado,7,660,M-J-S,Diurno,-33.4065,-70.53390,15:41:05,3.414,8.609,4.928,41.085,9.374,23.79,00:41:05,,,,,,,,,,,,,,,
2025-07-30,Miércoles,La Escuela N°1.336,Villa Vital Apoquindo,36,660,M-J-S,Diurno,-33.4193,-70.53224,15:54:48,3.373,9.15,4.566,54.801,12.747,22.12,00:54:48,,,,,,,,,,,,,,,
2025-07-30,Miércoles,Paul Harris N°940,Condominio Privado,4,660,M-J-S,Diurno,-33.4142,-70.53457,16:07:17,3.158,7.986,4.509,67.296,15.905,23.73,01:07:17,,,,,,,,,,,,,,,
2025-07-30,Miércoles,Vital Apoquindo N°1.380,Condominio Privado,2,660,M-J-S,Diurno,-33.4194,-70.52971,16:20:18,2.808,8.522,4.495,80.313,18.713,19.77,01:20:18,,,,,,,,,,,,,,,
2025-07-30,Miércoles,Vital Apoquindo N°497,Condominio Privado,7,660,M-J-S,Diurno,-33.4088,-70.53313,16:33:39,3.334,8.641,4.696,93.65,22.047,23.15,01:33:39,,,,,,,,,,,,,,,
2025-07-30,Miércoles,Yolanda N°9.405,Villa La Escuela,11,660,M-J-S,Diurno,-33.4181,-70.53236,16:47:43,3.071,9.169,4.914,107.733,25.118,20.10,01:47:43,,,,,,,,,,,,,,,
2025-07-30,Miércoles,,,,,,,,,17:00:27,3.032,8.013,4.716,120.462,28.15,22.70,02:00:27,,,,,,,,,,,,,,,
2025-07-30,Miércoles,Los Tuliperos,Seguridad Pública,1,660,L-M-V,Diurno,-33.382,-70.5063,07:00:00,3.185,9.171,5.015,134.648,31.335,20.84,02:14:38,,,,,,,,,,,,,,,
2025-07-30,Miércoles,Carlos Peña Otaegui N°9.931,Condominio Particular,4,660,L-M-V,Diurno,-33.412,-70.5096,09:29:09,3.275,9.081,5.431,149.16,34.61,21.64,02:29:09,,,,,,,,,,,,,,,
2025-07-30,Miércoles,Camino Otoñal N°1.157,Condominio Privado,2,660,L-M-V,Diurno,-33.3991999,-70.5194668,09:43:32,3.092,9.057,5.331,163.548,37.702,20.48,02:43:32,,,,,,,,,,,,,,,
2025-07-30,Miércoles,Camino Mirasol N°1.352,Condominio Privado,1,660,L-M-V,Diurno,-33.3983309,-70.5287693,09:57:10,3.333,8.598,5.035,177.181,41.035,23.26,02:57:10,,,,,,,,,,,,,,,
2025-07-30,Miércoles,Camino El Alba N° 9210,47 Comisaría,1,660,L-M-V,Diurno,-33.4039974,-70.5378362,10:09:51,3.477,7.982,4.696,189.859,44.512,26.14,03:09:51,,,,,,,,,,,,,,,
2025-07-30,Miércoles,Cardenal Newman N°1.288,Condominio Privado,1,660,L-M-V,Diurno,-33.405599,-70.5404712,10:22:26,2.879,8.228,4.362,202.449,47.391,20.99,03:22:26,,,,,,,,,,,,,,,
2025-07-30,Miércoles,Presidente Riesco N°9.621,Pasaje,1,660,L-M-V,Diurno,-33.3958703,-70.5565837,10:35:47,3.149,8.387,4.96,215.796,50.54,22.53,03:35:47,,,,,,,,,,,,,,,
2025-07-30,Miércoles,Presidente Riesco N°9.655,Pasaje,1,660,L-M-V,Diurno,-33.3978134,-70.5631819,10:49:14,3.337,8.242,5.211,229.249,53.877,24.29,03:49:14,,,,,,,,,,,,,,,
2025-07-30,Miércoles,Presidente Riesco N°9.681,Pasaje,1,660,L-M-V,Diurno,-33.4030495,-70.5705881,11:03:10,3.171,8.339,5.595,243.183,57.048,22.82,04:03:10,,,,,,,,,,,,,,,
2025-07-30,Miércoles,Presidente Riesco N°9.543,Pasaje,1,660,L-M-V,Diurno,-33.4055,-70.5855,11:17:41,3.304,9.51,4.994,257.687,60.352,20.85,04:17:41,,,,,,,,,,,,,,,
2025-07-30,Miércoles,Pte. Martin de Zamora N°8.740,Pasaje,1,660,L-M-V,Diurno,-33.4195452,-70.5777809,11:30:51,2.907,8.331,4.839,270.857,63.259,20.94,04:30:51,,,,,,,,,,,,,,,
7/31/2025,Jueves,Alcalde Guzmán Nº0180,Servicio de recogida de basura,0,0,L-M-V,Diurno,-33.371397,-70.7012239,11:45:22,2.918,9.934,4.592,285.383,66.177,17.62,04:45:22,,,,,,,,,,,,,,,
7/31/2025,Jueves,Alexander Fleming N°9609,Las Condesas 1,20,240,M-J-S,Diurno,-33.4240,-70.52829,15:00:00,2.962,8.998,4.534,298.915,69.139,19.75,04:58:54,,,,,,,,,,,,,,,
7/31/2025,Jueves,Alexander Fleming N°9695,Las Condesas 2,24,240,M-J-S,Diurno,-33.4240,-70.52769,20:12:10,3.181,8.713,4.547,312.175,72.32,21.91,05:12:10,,,,,,,,,,,,,,,
7/31/2025,Jueves,Alexander Fleming N°9797,Las Condesas 3,20,240,M-J-S,Diurno,-33.4240,-70.52694,20:25:13,3.176,7.916,5.129,325.22,75.496,24.07,05:25:13,,,,,,,,,,,,,,,
7/31/2025,Jueves,Alexander Fleming N°9809,Las Condesas 4,20,240,M-J-S,Diurno,-33.4241,-70.52629,20:38:22,2.806,8.555,4.596,338.371,78.302,19.68,05:38:22,,,,,,,,,,,,,,,
7/31/2025,Jueves,Paul Harris Sur N°2111,Las Condesas 5,24,240,M-J-S,Diurno,-33.4241,-70.52608,20:51:08,2.969,7.98,4.79,351.141,81.271,22.32,05:51:08,,,,,,,,,,,,,,,
7/31/2025,Jueves,Paul Harris Sur N°1.312,Villa Barcelona,22,340,M-J-S,Diurno,-33.4190,-70.53286,21:04:53,3.125,8.677,5.068,364.886,84.396,21.61,06:04:53,,,,,,,,,,,,,,,
7/31/2025,Jueves,Río Guadiana N°9.211,Condominio privado Villa Portada de Fleming,2,340,M-J-S,Diurno,-33.4120,-70.53524,21:19:27,3.033,9.119,5.449,379.454,87.429,19.96,06:19:27,,,,,,,,,,,,,,,
7/31/2025,Jueves,Vital Apoquindo N°1.651,Fleming,5,340,M-J-S,Diurno,-33.4238,-70.52950,21:33:41,3.404,8.993,5.242,393.689,90.833,22.71,06:33:41,,,,,,,,,,,,,,,
7/31/2025,Jueves,Vital Apoquindo N°1.690,Villa El Bosque Norte,5,340,M-J-S,Diurno,-33.4250,-70.52955,21:47:08,3.183,8.76,4.696,407.145,94.016,21.80,06:47:08,,,,,,,,,,,,,,,
7/31/2025,Jueves,Yolanda N°9.405,Villa La Escuela,39,340,M-J-S,Diurno,-33.4181,-70.53236,21:59:58,3.086,8.199,4.623,419.967,97.102,22.58,06:59:58,,,,,,,,,,,,,,,
7/31/2025,Jueves,Alexander Fleming N°9.599,Villa El Bosque Sur,9,660,M-J-S,Diurno,-33.4229,-70.52955,22:13:06,3.114,8.209,4.936,433.112,100.216,22.76,07:13:06,,,,,,,,,,,,,,,
7/31/2025,Jueves,Alexander Fleming N°9.609,Villa Las Condesas 1,1,660,M-J-S,Diurno,-33.4240,-70.52829,22:28:00,3.41,9.526,5.362,448,103.626,21.48,07:28:00,,,,,,,,,,,,,,,
7/31/2025,Jueves,Alexander Fleming N°9.797,Villa Las Condesas 3,1,660,M-J-S,Diurno,-33.4240,-70.52694,22:41:40,3.258,9.262,4.406,461.668,106.884,21.11,07:41:40,,,,,,,,,,,,,,,
7/31/2025,Jueves,Alexander Fleming N°9.809,Villa Las Condesas 4,1,660,M-J-S,Diurno,-33.4241,-70.52629,22:55:18,3.488,8.732,4.915,475.315,110.372,23.97,07:55:18,,,,,,,,,,,,,,,
7/31/2025,Jueves,General Blanche N°9.547,Condominio Privado,7,660,M-J-S,Diurno,-33.4065,-70.53390,23:09:08,2.967,8.914,4.914,489.143,113.339,19.97,08:09:08,,,,,,,,,,,,,,,
7/31/2025,Jueves,La Escuela N°1.336,Villa Vital Apoquindo,36,660,M-J-S,Diurno,-33.4193,-70.53224,23:21:36,3.374,7.856,4.602,501.601,116.713,25.77,08:21:36,,,,,,,,,,,,,,,
7/31/2025,Jueves,Paul Harris N°940,Condominio Privado,4,660,M-J-S,Diurno,-33.4142,-70.53457,23:34:49,3.123,8.87,4.36,514.831,119.836,21.13,08:34:49,,,,,,,,,,,,,,,
7/31/2025,Jueves,Vital Apoquindo N°1.380,Condominio Privado,2,660,M-J-S,Diurno,-33.4194,-70.52971,23:47:59,3.356,8.351,4.814,527.996,123.192,24.11,08:47:59,,,,,,,,,,,,,,,
7/31/2025,Jueves,Vital Apoquindo N°497,Condominio Privado,7,660,M-J-S,Diurno,-33.4088,-70.53313,00:01:00,3.001,8.051,4.963,541.01,126.193,22.36,09:01:00,,,,,,,,,,,,,,,
7/31/2025,Jueves,Yolanda N°9.405,Villa La Escuela,11,660,M-J-S,Diurno,-33.4181,-70.53236,00:15:05,3.146,9.314,4.77,555.094,129.339,20.27,09:15:05,,,,,,,,,,,,,,,
